#,App name,Category
1,dolphin emulator,Arcade
2,gorillas,Arcade
3,ÑĞ½ĞµĞ¶Ğ½Ğ°Ñ ĞºĞ¾Ñ€Ğ¾Ğ»ĞµĞ²Ğ°,Arcade
4,tappy box,Arcade
5,need for jump (vr game),Arcade
6,smash hit,Arcade
7,aami app,Art & Design
8,paint board - draw & play!,Art & Design
9,car diagnostic_guide (scorpio ) electrical,Auto & Vehicles
10,í•´í”¼ì°¨ì €(happecharger),Auto & Vehicles
11,beauty and health tips - offline in english,Beauty
12,hey beautiful : homemade beauty tips,Beauty
13,dermapen,Beauty
14,beauty product expiration checker,Beauty
15,hair color inovation,Beauty
16,beautymix,Beauty
17,matte lipstick,Beauty
18,glowing face in 30 days -  no chemicals,Beauty
19,beautyhaul,Beauty
20,Ø²ÛŒØ¨ Ø¢Ù†Ù„Ø§ÛŒÙ†ØŒ Ø¯Ø±Ø®ÙˆØ§Ø³Øª Ø¢Ø±Ø§ÛŒØ´Ú¯Ø± Ø¯Ø± Ù…Ø­Ù„ | zibonline,Beauty
21,ç¾æ­´ for business,Beauty
22,quds,Beauty
23,ØªØ³Ø±ÙŠØ­Ø§Øª Ø´Ø¹Ø± 400 ØªØ³Ø±ÙŠØ­Ø© Ø¨Ø¯ÙˆÙ† Ù†Øª,Beauty
24,ë¯¸ëŸ¬ë¯¸ëŸ¬ ë‘í”¼ì§„ë‹¨,Beauty
25,ë‚´ë¸Œì°¾(ë‚´ ë¸Œë¼ì‚¬ì´ì¦ˆ ì°¾ê¸°),Beauty
26,ersag - ÑĞµÑ‚ĞµĞ²Ğ¾Ğ¹ Ğ¼Ğ°Ñ€ĞºĞµÑ‚Ğ¸Ğ½Ğ³,Beauty
27,kiÅŸisel bakÄ±m,Beauty
28,long haired wigs,Beauty
29,"the body shop: beauty, skincare & hair",Beauty
30,ĞºĞ°Ñ‚Ğ°Ğ»Ğ¾Ğ³ Ñ„Ğ°Ğ±ĞµÑ€Ğ»Ğ¸Ğº Ğ¾Ğ½Ğ»Ğ°Ğ¹Ğ½,Beauty
31,check in beauty - clients appointments,Beauty
32,beauty square,Beauty
33,ë¹„ëˆ„ê³„ì‚°ê¸°,Beauty
34,ì´ë¯¸ì§€í¼í“¸ - ì´ë¯¸ì§€ë¡œ ë‚˜ì—ê²Œ ì–´ìš¸ë¦¬ëŠ” í–¥ìˆ˜ ì°¾ê¸°,Beauty
35,í¬ë¦¬ë¯¸ - ë¡œë“œìƒµ/í™”ì¥í’ˆ/ë·°í‹° (ì„¸ì¼ ì •ë³´),Beauty
36,ìˆ˜ì…ì˜ë¥˜ no.1 ìˆ˜í—¬ë Œ suhelen,Beauty
37,offline hairstyles step by step for girls,Beauty
38,filter for snapchat - amazing snap camera filters,Beauty
39,Â Ø¯Ù„ÙŠÙ„ tiande Ø³ÙˆØ±ÙŠØ©,Beauty
40,cure acne (pimples) in 30 days - no chemicals,Beauty
41,how to wax : waxing guide,Beauty
42,checkers,Board
43,chess pgn master,Board
44,party viking - the wildest drinking game,Board
45,guide for jiomart grocery kirana app shopping sale,Books & Reference
46,vs / wurth,Books & Reference
47,free vodafone tv movies & tv shows guide,Books & Reference
48,ksp infromer,Books & Reference
49,binary options trading master,Books & Reference
50,prÃ©stamos personales urgentes,Books & Reference
51,bcf farm animal,Books & Reference
52,fluid card animation,Books & Reference
53,1500+ resep masakan nusantara offline,Books & Reference
54,clinicallaboratorydiagnostics,Books & Reference
55,cara cek saldo bpjs ketenagakerjaan online lengkap,Books & Reference
56,Ğ¼ĞµĞ´Ğ¸Ñ†Ğ¸Ğ½ÑĞºĞ°Ñ ÑĞ½Ñ†Ğ¸ĞºĞ»Ğ¾Ğ¿ĞµĞ´Ğ¸Ñ,Books & Reference
57,fish identification - fish scanner,Books & Reference
58,ì˜¤ëŠ˜ì˜ì–‘ì‹ - odb ê¹€ìƒë³µëª©ì‚¬ ê¸°ë…êµ êµíšŒ qt,Books & Reference
59,victoria learner permit test,Books & Reference
60,guide for worms io zone snake tricks,Books & Reference
61,guide for super bunny man game,Books & Reference
62,czech-english offline dict.,Books & Reference
63,czech-german offline dict.,Books & Reference
64,bazzer break porn addiction,Books & Reference
65,het gebaar van de dag,Books & Reference
66,sÃ¡tnegirji,Books & Reference
67,polskie kodeksy,Books & Reference
68,Ğ´Ğ¶Ğ°Ğ½Ğ³Ğ°Ñ€ (ÑĞ¿Ğ¾Ñ),Books & Reference
69,slovak - english offline dict.,Books & Reference
70,navy digital online mobile,Books & Reference
71,"ëŸ¬ë¸”ë¦¬ë§ˆì‚¬ì§€ - ë§ˆì‚¬ì§€ êµ¬ì¸êµ¬ì§,ë§ˆì‚¬ì§€ì•Œë°”,ë§ˆì‚¬ì§€êµ¬ì¸,ë§ˆì‚¬ì§€êµ¬ì§,í”¼ë¶€ê´€ë¦¬ì‚¬,ìŠ¤ì›¨ë””ì‹œë§ˆì‚¬ì§€",Business
72,kronos workforce autotimeâ„¢,Business
73,mit pfa,Business
74,lessor-app,Business
75,easylaundry,Business
76,working time,Business
77,asiakastieto mobile yrityshaku,Business
78,alpha guide - network power,Business
79,udyog | app | india's b2b trading platform,Business
80,grosir pintar,Business
81,cash register,Business
82,sales and debt records,Business
83,3i-networks prasindo,Business
84,Ú©Ø§Ø±Ú©Ùˆ ( Ø³Ø§Ù…Ø§Ù†Ù‡ Ù‡ÙˆØ´Ù…Ù†Ø¯ Ø§Ø³ØªØ®Ø¯Ø§Ù… Ùˆ Ú©Ø§Ø±ÛŒØ§Ø¨ÛŒ ),Business
85,Ø¬ÛŒ Ø³Ø±ÙˆÛŒØ³ |Ø­Ù…Ù„ Ùˆ Ù†Ù‚Ù„|Ø¨Ø§Ø±Ø¨Ø±ÛŒ,Business
86,Ù…Ø²Ø§ÛŒØ¯Ù‡ Ø®ÙˆØ¯Ø±Ùˆ(Ù…Ø²Ø§ÛŒØ¯Ù‡ Ø®ÙˆØ¯Ø±Ùˆ Ú©Ø§Ø±Ú©Ø±Ø¯Ù‡ Ùˆ ØµÙØ±),Business
87,logo maker for business logo design 2021,Business
88,dfÃ¸ self service,Business
89,plusoffice time,Business
90,appsco one people,Business
91,ozonee,Business
92,ptm Ã  mesa,Business
93,realtransfer mobile,Business
94,m imÃ³veis,Business
95,ĞµĞ¸Ñ,Business
96,ĞµĞ¸Ñ,Business
97,abdullah alothaim markets vendors portal,Business
98,Ø¨Ù„Ø¯ÙŠ,Business
99,zÃ¡kony pre Ä¾udÃ­ sk,Business
100,ron client,Business
101,jobcanth,Business
102,t.c. mevzuat bilgi sistemi,Business
103,cia insurance,Business
104,celse,Business
105,ceptekep,Business
106,bitqt app - passive bitcoin trading,Business
107,serraview engage,Business
108,arbeitszeiterfassung,Business
109,"pdf reader - pdf viewer, ebook reader",Business
110,workforce tools,Business
111,ikatastr,Business
112,katastr nemovitostÃ­,Business
113,mobilnÃ­ faktury,Business
114,fushka,Business
115,ammattiliitto pro,Business
116,e-congÃ©s btp,Business
117,figgo - leave management,Business
118,quiz pro - pÃ´le emploi,Business
119,mein randstad,Business
120,paiepilote,Business
121,alerte jobs 2.0,Business
122,catatan hutang piutang (accounts payable notes),Business
123,Ø§ÛŒØ±Ø§Ù† Ø§Ø³ØªØ®Ø¯Ø§Ù… - ( iranestekhdam ),Business
124,1mobile,Business
125,sdb planning - aysist,Business
126,bmd mobile,Business
127,eazyid,Business
128,holeriteonline,Business
129,copasa digital,Business
130,equatorial energia,Business
131,wlw,Business
132,bp world energy,Business
133,we are bosch,Business
134,daily cashbook,Business
135,guide vtube - cara daftar vtube terbaru 2021,Business
136,lion parcel jakarta,Business
137,panduan vtube terbaru penghasil uang,Business
138,international ballistic standards,Business
139,Ù‡Ù…Ø±Ø§Ù‡ Ø¨Ø§Ø²Ø§Ø± Ú©Ø´Ø§ÙˆØ±Ø²ÛŒ Ø«Ù…Ø±,Business
140,Ø§ÛŒØ±Ø§Ù† ØªØ±ÛŒØ¯Ø±,Business
141,etaa,Business
142,Ù†Ú©Ø§Øª Ø·Ù„Ø§ÛŒÛŒ Ù¾ÙˆÙ„ Ø¯Ø§Ø± Ø´Ø¯Ù† Ø¯Ø± Ú©Ø³Ø¨ Ùˆ Ú©Ø§Ø±,Business
143,ØªØ¨Ø¯ÛŒÙ„ Ø³Ø§ÛŒØª Ø¨Ù‡ Ø§Ù¾Ù„ÛŒÚ©ÛŒØ´Ù† Ø§Ù†Ø¯Ø±ÙˆÛŒØ¯,Business
144,my hiweb,Business
145,irankala,Business
146,Ø³Ø§ÛŒØª Ø³Ø§Ø²,Business
147,solariq,Business
148,swag promoter dashboard,Business
149,å¼¥ç”Ÿä¼šè¨ˆ ãƒ“ãƒ¥ãƒ¼ã‚¢ ãƒ•ãƒªãƒ¼,Business
150,é¢æ¥ç·´ç¿’,Business
151,payroll xpress,Business
152,moloni,Business
153,Ğ»Ğ¸Ñ‡Ğ½Ñ‹Ğ¹ ĞºĞ°Ğ±Ğ¸Ğ½ĞµÑ‚ ÑĞ¾Ñ‚Ñ€ÑƒĞ´Ğ½Ğ¸ĞºĞ° Ğ³Ñ€ÑƒĞ¿Ğ¿Ñ‹ ĞºĞ¾Ğ¼Ğ¿Ğ°Ğ½Ğ¸Ğ¹ realweb,Business
154,saudi enaya mobile app,Business
155,mojauniqa,Business
156,redos,Business
157,t.c. resmi gazete,Business
158,e-adalet vatandaÅŸ,Business
159,web tapu,Business
160,kdv hesapla - kdv dahil hariÃ§,Business
161,eet-pos.cz,Business
162,bryko - darmowe ogÅ‚oszenia,Business
163,bryko - darmowe ogÅ‚oszenia,Business
164,bryko - darmowe ogÅ‚oszenia,Business
165,western money,Business
166,personal card consulta cartÃµes,Business
167,etf sparplan,Business
168,indian post office app,Business
169,plush salary,Business
170,live stock market -bse nse market viewer,Business
171,Ø§Ù¾Ù„ÛŒÚ©ÛŒØ´Ù† Ø­Ø³Ø§Ø¨ Ø§Ø¨Ø²Ø§Ø± Ù…Ø­Ø§Ø³Ø¨Ù‡ ÙˆØ§Ù… Ùˆ Ø·Ù„Ø§,Business
172,calculator for ebay fee,Business
173,bn plus,Business
174,asystent gps alior leasing,Business
175,nn burger,Business
176,net salary,Business
177,resocode,Business
178,exmo: financial quotes,Business
179,a r e flexi bkash,Business
180,alkhaleej takaful insurance,Business
181,bc otp,Business
182,paysupreme,Business
183,messinaline,Business
184,smart pay,Business
185,suporte geinfo,Business
186,pizzaria e esfiharia johnny,Business
187,dakik,Business
188,ivegan,Business
189,easyvisit,Business
190,teamwinfinith,Business
191,scale-up 1000,Business
192,product e-catalogue,Business
193,tpc mobile,Business
194,zwapp,Business
195,treant,Business
196,m.e.doc assistance,Business
197,rac telematics,Business
198,farmlife,Business
199,open demat account.,Business
200,oslobors,Card
201,Ø§Ù„Ø±ÙˆØ¶Ù‡ Ø§Ù„Ø§ÙØªØ±Ø§Ø¶ÙŠÙ‡,Card
202,Ã³ o gÃ¡s,Casual
203,movemove,Casual
204,3d snake tobb,Casual
205,big fat pizza guy,Casual
206,aicard,Casual
207,vtipko - najlepÅ¡ie vtipy,Comics
208,lotus inotes client,Communication
209,ĞºĞ¾Ñ€Ğ¿Ğ¾Ñ€Ğ°Ñ‚Ğ¸Ğ²Ğ½Ñ‹Ğµ Ñ‚Ğ°Ñ€Ğ¸Ñ„Ñ‹,Communication
210,big word,Communication
211,quickjobs,Communication
212,apie project,Communication
213,telenor packages 2021 | telenor packages 2021 new,Communication
214,tkgm parsel sorgu,Communication
215,rede mundial,Communication
216,waafi data online,Communication
217,yankes mobile,Communication
218,free internet wifi connect,Communication
219,ì›ê´‘ëŒ€í•™êµ í†µí•™ë²„ìŠ¤ ì‹œê°„í‘œ(wonpus),Communication
220,oregonrfid pit tag reader bluetooth interface,Communication
221,basic applied physics,Education
222,"mcqs,physics,mathe,bio,chemist",Education
223,english for all levels,Education
224,learn english in 60 days with hindi,Education
225,canal quero-quero,Education
226,java programming,Education
227,orthodontic continuing education,Education
228,big brain smash notes,Education
229,electrical engineering handbook 2020,Education
230,hoppy mod and happy app manager guide 2021,Education
231,best chart patterns trading,Education
232,forex strategies for meta trader 4,Education
233,mercado bitcoin learn,Education
234,banco do nordeste bnb analista bancario 1 2018,Education
235,stimulus check app 2020 - stimulus check status,Education
236,dhangyan,Education
237,postal life insurance,Education
238,conservaciÃ³n patrimonio,Education
239,mobile flutter ( dartpad ),Education
240,à¤–à¤¾à¤¨à¤¾ à¤¬à¤¨à¤¾à¤¨à¤¾ à¤¸à¥€à¤–à¥‡ - khana banana sikhe,Education
241,concordia,Education
242,satellite tracker  & location,Education
243,isro bhuvan indian live,Education
244,medentry,Education
245,dicionÃ¡rio de termos tÃ©cnicos de enfermagem,Education
246,mednotes - for & by medical students,Education
247,domiciliary care toolkit,Education
248,memodi - aprende y recuerda toda la medicina,Education
249,luftambulanse,Education
250,sttc ptj - training app,Education
251,hej bas,Education
252,computer science faqs,Education
253,australian citizenship test 2021 - our common bond,Education
254,hazard perception test australia 2021 (hpt),Education
255,hazard perception test australia 2021 (hpt),Education
256,daymap mobile,Education
257,der die das,Education
258,guide for hi neighbor alpha 2020,Education
259,"learn german words,verbs,articles with flashcards",Education
260,learn music notes,Education
261,learn and play. german words - vocabulary & games,Education
262,pxl,Education
263,code de la route belge 2021 - permis de conduire,Education
264,de het,Education
265,test de perception des risques - examen pratique,Education
266,dutch driving theory test exam cbr 2021 car ğŸš˜,Education
267,theorie belgiÃ«,Education
268,french spellchecker,Education
269,simulados detran - provas e simulado para cnh,Education
270,histology vub,Education
271,onyourway hallacha machshava,Education
272,resumos,Education
273,uniasselvi learn,Education
274,"math games, mathematics",Education
275,icbc knowledge test 2020,Education
276,dm software,Education
277,bakalÃ¡Å™i online,Education
278,flexibooks,Education
279,chemickÃ© nÃ¡zvoslovÃ­,Education
280,timeedit viewer,Education
281,danish erg,Education
282,exam stress,Education
283,mitÃ¤ kello on?,Education
284,lukion matematiikka - omaan tahtiin,Education
285,otavan sanastot,Education
286,learn finnish words with smart-teacher,Education
287,numworks graphing calculator,Education
288,toutapprendre,Education
289,majdc,Education
290,test d'aptitude pour l'armÃ©e,Education
291,code de la route 2021 test gratuit,Education
292,ØªØ¹Ù„ÙŠÙ… Ø§Ù„Ø³ÙˆØ§Ù‚Ø© ÙÙŠ Ø§Ù„Ù…Ø§Ù†ÙŠØ§ 2020,Education
293,ncert videos : curio,Education
294,students attendance,Education
295,digischool,Education
296,turbocdroid,Education
297,aksara jawa,Education
298,hack jack : i hack you,Education
299,aksara jawa - nulis aksara jawa | ketik & konversi,Education
300,learn ÑaÑ€ Ñut video editing new tutorial,Education
301,sci media online,Education
302,operation go,Education
303,learn korean phrasebook,Education
304,learn driving tips,Education
305,Ø¢Ø²Ù…ÙˆÙ† Ø§ØµÙ„ÛŒ Ø¢ÛŒÛŒÙ† Ù†Ø§Ù…Ù‡ Ø±Ø§Ù†Ù†Ø¯Ú¯ÛŒ 99 - ØªØµØ¯ÛŒÙ‚,Education
306,meraat,Education
307,Ø§Ù…Ø±ÙˆØ² Ú†Ù‡ Ø¨Ø§ÛŒØ¯ Ú©Ø±Ø¯ØŸ,Education
308,learn ms powerpoint,Education
309,myket guide - Ø±Ø§Ù‡Ù†Ù…Ø§ÛŒ Ù…Ø§ÛŒÚ©Øª,Education
310,504 words + videos | Ø¢Ù…ÙˆØ²Ø´ Ø¨ØµØ±ÛŒ Ù„ØºØ§Øª Ø¶Ø±ÙˆØ±ÛŒ Ø§Ù†Ú¯Ù„ÛŒØ³ÛŒ,Education
311,ÙØ±Ù…ÙˆÙ„ Ù‡Ø§ÛŒ Ø±ÛŒØ§Ø¶ÛŒ,Education
312,Ù†Ø±Ù… Ø§ÙØ²Ø§Ø± ØªØ®Ù…ÛŒÙ† Ø±ØªØ¨Ù‡ Ú©Ù†Ú©ÙˆØ± Ø³Ø±Ø§Ø³Ø±ÛŒ Ù‡ÛŒÙˆØ§,Education
313,Ø´Ø§Ø¹Ø±Ø§Ù†Ù‡ Ú¯ÙˆÛŒØ§ - ÙØ±Ø¯ÙˆØ³ÛŒØŒ Ø­Ø§ÙØ¸ØŒ Ø®ÛŒØ§Ù…ØŒ Ù…ÙˆÙ„ÙˆÛŒØŒ Ø³Ø¹Ø¯ÛŒ,Education
314,istanze online,Education
315,iphysicsâ„¢,Education
316,miur - istruzione,Education
317,alphatest,Education
318,useful english phrases & expressions,Education
319,mylim,Education
320,vocabolario latino-italiano,Education
321,easyphysics - physics calculator/formulary,Education
322,ring ã¤ãªã’ã‚‹çŸ¥è­˜ã€ã²ã‚ã’ã‚‹è¼ª,Education
323,ç°¿è¨˜ï¼“ç´š è§£èª¬ä»˜ãå•é¡Œé›† - ä»•è¨³å…¥é–€ã‚„å­¦ç¿’æ³•ã‚‚å……å®Ÿ,Education
324,toeic grammar test,Education
325,listen and read spanish (learn spanish),Education
326,student calendar - remember tasks todo & timetable,Education
327,formulia,Education
328,learn korean - beginners,Education
329,ayuda tarea de desafÃ­os mate 5,Education
330,jÃ¦gerappen - alle arterne i jagtprÃ¸ven - jagttegn,Education
331,al-amin calendar- syria,Education
332,currentaccident,Education
333,academica app,Education
334,birdid - european bird guide and quiz,Education
335,bÃ¥tfÃ¸rerprÃ¸ven - gratis,Education
336,ornito,Education
337,matura z angielskiego,Education
338,ratownik kpp: aktualne testy kpp i materiaÅ‚y,Education
339,testes de cÃ³digo grÃ¡tis imtt 2021,Education
340,Ğ³Ğ¸Ñ‚Ğ°Ñ€Ğ° Ñ Ğ½ÑƒĞ»Ñ,Education
341,ĞµÑƒÑ€Ğ¾ĞºĞ¸ â€“Â Ğ³Ğ´Ğ· Ğ±ĞµĞ· Ğ¼Ğ¾Ñ€Ğ¾ĞºĞ¸,Education
342,skedy - schedule for students,Education
343,basic physics,Education
344,"Ğ¿Ñ€Ğ¾Ğ³Ñ€Ğ°Ğ¼Ğ¼Ğ¸Ñ€Ğ¾Ğ²Ğ°Ğ½Ğ¸Ğµ Ğ¸Ğ³Ñ€, ÑĞ¾Ğ·Ğ´Ğ°Ğ½Ğ¸Ğµ Ñ Ğ½ÑƒĞ»Ñ (python 3) 2",Education
345,Ñ‚ĞµÑÑ‚Ñ‹ Ğ¿Ğ¼Ğ³Ğ¼Ñƒ,Education
346,test of russian language,Education
347,ĞºĞ½Ğ¸Ğ³Ğ¸ Ğ½Ğ° Ğ°Ğ½Ğ³Ğ»Ğ¸Ğ¹ÑĞºĞ¾Ğ¼ Ñ Ğ¿ĞµÑ€ĞµĞ²Ğ¾Ğ´Ğ¾Ğ¼ | 2books,Education
348,al-muqri,Education
349,Ø§Ù…ØªØ­Ø§Ù† Ø±Ø®ØµØ© Ø§Ù„Ù‚ÙŠØ§Ø¯Ø© Ø§Ù„Ø³Ø¹ÙˆØ¯ÙŠØ©,Education
350,Ù…Ù‚ÙŠØ§Ø³ÙƒÙ… Ø§Ù„ØªØ¬Ø±ÙŠØ¨ÙŠ || Ù‚ÙŠØ§Ø³ Ø§Ù„Ù‚Ø¯Ø±Ø§Øª Ø§Ù„Ø¹Ø§Ù…Ø©,Education
351,ethrai,Education
352,ÙƒØªØ§Ø¨ Ù†ÙˆØ± Ø§Ù„Ø¨ÙŠØ§Ù† ÙÙŠ ØªØ¹Ù„ÙŠÙ… Ø§Ù„Ù‚Ø±Ø§Ø¡Ø© Ø¨Ø§Ù„Ù‚Ø±Ø§Ù†,Education
353,Ø¶ÙˆØ¡ Ø§Ù„Ø®Ø±Ù‘ÙŠØ¬,Education
354,algorithms: explained and animated,Education
355,write in japanese,Education
356,colegios el valle,Education
357,segrelles famÃ­lies app,Education
358,nova smartphone,Education
359,adizkinator - euskal aditzak,Education
360,ccse 2021 - test nacionalidad espaÃ±ola,Education
361,etestphone,Education
362,skolmaten,Education
363,lexin (swedish dictionary),Education
364,teoriprov - gratisversion,Education
365,tips for am0ng us,Education
366,auto theorie 2021,Education
367,schweizer armee dienstgrade,Education
368,tyt ve yks notlarÄ±,Education
369,sor bilene - Ã¼cretsiz soru Ã§Ã¶zme programÄ±,Education
370,lgs puan hesaplama 2021 - taban puanlar,Education
371,risale-i nur okuma programÄ±,Education
372,ders Ã§alÄ±ÅŸma programÄ±m,Education
373,sesli kur'an (tÃ¼rkÃ§e),Education
374,yks (tyt ayt) 2021,Education
375,teachers2parents,Education
376,edulink one,Education
377,my theory test by james may: driving theory free,Education
378,sims parent,Education
379,stimulus check app 2021 - stimulus check status,Education
380,enerjimi koruyorum,Educational
381,riskou,Educational
382,ãƒšã‚¤ãƒšã‚¤,Entertainment
383,xtra for twitch,Entertainment
384,uk.watch - watch uk tv abroad,Entertainment
385,cleverme brain training,Entertainment
386,marin hd player,Entertainment
387,sticky slime - asmr slime simulator,Entertainment
388,fgteev soundboard,Entertainment
389,pet pager,Entertainment
390,tricks toca life city world town 2020,Entertainment
391,"free movies - full hd movies , online cinema 2020",Entertainment
392,land salzburg,Entertainment
393,c:geo,Entertainment
394,cheats for gta 5 (ps4/xbox/pc),Entertainment
395,countdown death timer,Entertainment
396,tikboost: tiktok followers & fans & tiktok like,Entertainment
397,iplay-tv tv,Entertainment
398,"pobreflix - online movies, series and anime guide",Entertainment
399,xc player plus,Entertainment
400,tips: toca life world town city 2020,Entertainment
401,gb wmassap offline,Entertainment
402,shader texture minecraft,Entertainment
403,cat dog talking,Entertainment
404,politickÃ© hlÃ¡Å¡ky - soundboard,Entertainment
405,walktrough for hi neighbor alpha 5 series,Entertainment
406,dk4.tv,Entertainment
407,my summer car manual,Entertainment
408,dream oneset,Entertainment
409,stream complet - voir films et sÃ©ries gratuits hd,Entertainment
410,atlas pro ontv,Entertainment
411,acnh life,Entertainment
412,zilli video - funny short video app for india,Entertainment
413,only gamers,Entertainment
414,moje moj short video status  : uvideo short video,Entertainment
415,stickers: babies - children cute ğŸ‘¶,Entertainment
416,gudang game - ratusan game dalam satu aplikasi,Entertainment
417,indoxxi premiere,Entertainment
418,movie21 - nonton film subtitle indonesia,Entertainment
419,guide for worm io snake zone new 2020,Entertainment
420,nonime - streaming anime sub indo (unofficial),Entertainment
421,guÃ­a de fr33 pro,Entertainment
422,movie javan Ø¯Ø§Ù†Ù„ÙˆØ¯ ÙÛŒÙ„Ù… Ø³Ø±ÛŒØ§Ù„ Ø®Ø§Ø±Ø¬ÛŒ Ú©Ø§Ù…Ù„Ø§ Ø±Ø§ÛŒÚ¯Ø§Ù†,Entertainment
423,Ø§Ø³Ù… ÙØ§Ù…ÛŒÙ„ ..!!,Entertainment
424,guide for cafe bazaar - tips,Entertainment
425,persian fairy tales,Entertainment
426,Ú©Ø§Ø±ØªÙˆÙ† Ø¨Ø§Ø¨Ø§ Ø§Ø³ÙÙ†Ø§Ø¬ÛŒ Ø¨Ø¯ÙˆÙ† Ù†Øª Ø¨Ø§ Ø¯ÙˆØ¨Ù„Ù‡ ÙØ§Ø±Ø³ÛŒ 4,Entertainment
427,ÙÛŒÙ„Ø§Ù…ÛŒÙ†Ú¯Ùˆ -  ÙÛŒÙ„Ù… Ùˆ Ø³Ø±ÛŒØ§Ù„ Ø¯ÙˆØ¨Ù„Ù‡,Entertainment
428,Ú©Ø§Ø±ØªÙˆÙ† Ø¨Ø§Ø¨Ø§ Ø§Ø³ÙÙ†Ø§Ø¬ÛŒ Ø¨Ø¯ÙˆÙ† Ø§ÛŒÙ†ØªØ±Ù†Øª Ø¯ÙˆØ¨Ù„Ù‡ ÙØ§Ø±Ø³ÛŒ,Entertainment
429,Ø§Ù†ÛŒÙ…ÛŒØ´Ù† Ø¨Ø§Ø¨Ø§ Ø§Ø³ÙÙ†Ø§Ø¬ÛŒ Ø¨Ø¯ÙˆÙ† Ø§ÛŒÙ†ØªØ±Ù†Øª Ø¯ÙˆØ¨Ù„Ù‡ ÙØ§Ø±Ø³ÛŒ 3,Entertainment
430,Ø§Ù†ÛŒÙ…ÛŒØ´Ù† Ø¨Ø§Ø¨Ø§ Ø§Ø³ÙÙ†Ø§Ø¬ÛŒ Ø¨Ø¯ÙˆÙ† Ø§ÛŒÙ†ØªØ±Ù†Øª Ø¯ÙˆØ¨Ù„Ù‡ ÙØ§Ø±Ø³ÛŒ 1,Entertainment
431,Ø¨Ø±Ù†Ø§Ù…Ù‡ Ú©ÙˆØ¯Ú© Ø¨Ø§Ø¨Ø§ Ø§Ø³ÙÙ†Ø§Ø¬ÛŒ Ø¨Ø¯ÙˆÙ† Ø§ÛŒÙ†ØªØ±Ù†Øª Ø¯ÙˆØ¨Ù„Ù‡ ÙØ§Ø±Ø³ÛŒ2,Entertainment
432,Ù¾Ø§ÙˆÙ¾Ø§ØªØ±Ùˆ Ø¨Ø¯ÙˆÙ† Ø§ÛŒÙ†ØªØ±Ù†Øª,Entertainment
433,italian soccer live,Entertainment
434,scherzi telefonici (fake call),Entertainment
435,japanese tv live,Entertainment
436,ãµã¤ã†ã®ãƒ«ãƒ¼ãƒ¬ãƒƒãƒˆ,Entertainment
437,ã‚«ãƒˆãƒ›ãƒ¼ãƒ  - åŠ è—¤ç´”ä¸€è¦–è´ã‚µãƒãƒ¼ãƒˆã‚¢ãƒ—ãƒª,Entertainment
438,ã‚ã«ãµã‰ã‚ŠãŠ - ã‚¢ãƒ‹ãƒ¡ã‚„å£°å„ªãƒ©ã‚¸ã‚ªã®ãƒ‹ãƒ¥ãƒ¼ã‚¹ãƒ»ç•ªçµ„è¡¨ãƒ»è¦–è´è¨˜éŒ²ãƒ»å£ç´™,Entertainment
439,cineplus,Entertainment
440,play go: pelÃ­culas y series gratis,Entertainment
441,gratis peliculas espaÃ±ol,Entertainment
442,pelÃ­culas gratis en tu telÃ©fono,Entertainment
443,peliculas gratis,Entertainment
444,pelispley stream,Entertainment
445,the voice of nepal,Entertainment
446,hyper box,Entertainment
447,gorÄ…cy ziemniak,Entertainment
448,walkthrough brick rigs : city simulator,Entertainment
449,rev by the gift,Entertainment
450,neto land funny memes,Entertainment
451,movies hd - free movies & tv show 2021,Entertainment
452,guide for pocket drawing assistant master,Entertainment
453,"Ğ´Ğ·ĞµĞ½ â€” Ñ€Ğ°ÑÑĞºĞ°Ğ·Ñ‹, Ğ¸ÑÑ‚Ğ¾Ñ€Ğ¸Ğ¸ Ğ¸Ğ· Ğ¶Ğ¸Ğ·Ğ½Ğ¸",Entertainment
454,weyyak ÙˆÙŠØ§Ùƒ,Entertainment
455,anime finder,Entertainment
456,Ø®Ù„Ùƒ ÙÙŠ Ø§Ù„Ø¨ÙŠØª | Ù…Ø³Ù„Ø³Ù„Ø§Øª Ùˆ Ø§ÙÙ„Ø§Ù…,Entertainment
457,Ø§Ù†Ù…ÙŠ Ù…ØªØ±Ø¬Ù… ÙƒØ±ØªÙˆÙ†,Entertainment
458,Ù†ÙƒØª Ø¬Ø¯ÙŠØ¯Ø© (Ø¨Ø¯ÙˆÙ† Ø§Ù†ØªØ±Ù†Øª) 2020,Entertainment
459,ÙƒØ±ØªÙˆÙ† ÙƒØ¯ÙˆØ´Ø© Ø¨Ø¯ÙˆÙ† Ù†Øª,Entertainment
460,antik tv,Entertainment
461,antik tv for stb/tv,Entertainment
462,touchtv,Entertainment
463,infovojna player,Entertainment
464,íŠ¸ë¡¯ íˆ¬í‘œ - ë¦¬ë§¤ì¹˜w (íŠ¸ë¡œíŠ¸ ê°€ìˆ˜ íˆ¬í‘œ íŒ¬ë¤ì•±),Entertainment
465,ì–´ëª½ì–´ìŠ¤ í€´ì¦ˆ - ì–´ëª½ì–´ìŠ¤ì— ê´€í•œ ëª¨ë“  ì§€ì‹,Entertainment
466,ë¬´ë£Œí‹°ë¹„ë‹¤ì‹œë³´ê¸°ì–´í”Œ - ë¬´ë£Œí‹°ë¹„,Entertainment
467,stick fighter,Entertainment
468,ì˜¤ëŠ˜ì˜ í‹°ë¹„ ëª¨ë°”ì¼,Entertainment
469,ì•„ì´ë©”ì„¸ì§€(ë¸”ë£¨) - ì¹´ì¹´ì˜¤í†¡ í…Œë§ˆ,Entertainment
470,ì–´ëª½ì–´ìŠ¤ ì–´ëª½ì´ ì¹´í†¡í…Œë§ˆ,Entertainment
471,ë³´ë¼ë³´ë¼í•´ - ì¹´ì¹´ì˜¤í†¡ í…Œë§ˆ,Entertainment
472,ë“œë¼ë§ˆë‹¤ì‹œë³´ê¸°ë¬´ë£Œì–´í”Œtv,Entertainment
473,ì˜í™”ë¬´ë£Œë‹¤ìš´ë¡œë“œì–´í”Œ,Entertainment
474,í¬ìŠ¬í¬ìŠ¬ ì†Œê¸ˆì´ - ì¹´ì¹´ì˜¤í†¡ í…Œë§ˆ,Entertainment
475,pelisflix,Entertainment
476,melodikrysset i p4,Entertainment
477,taraftarium 24,Entertainment
478,polis telsizi yeni,Entertainment
479,box hd movies - 123movies free full movies online,Entertainment
480,the donut king: now playing!,Entertainment
481,cliver tv,Entertainment
482,masala sandwich,Entertainment
483,ë¬´í•œë„ì „ì—ì„œ ì‹¤ì‹œí•œ ìŠ¤íŠ¸ë ˆìŠ¤ ìê°€ ì§„ë‹¨ í…ŒìŠ¤íŠ¸,Entertainment
484,"ë¯¸ìŠ¤íŠ¸ë¡¯2 ìŒì•…ê°ìƒ - ë¯¸ìŠ¤íŠ¸ë¡¯2 ë…¸ë˜ ë“£ê¸°, ë¯¸ìŠ¤íŠ¸ë¡¯2 ë¬´ë£Œ ë“£ê¸°, íŠ¸ë¡œíŠ¸ ë¬´ë£Œë“£ê¸°,",Entertainment
485,starfm lite,Entertainment
486,magic radio.,Entertainment
487,t sports live - watch hd all sports,Entertainment
488,rocca pronos,Entertainment
489,tips dan trick higgs domino,Entertainment
490,ani-rem,Entertainment
491,memes stickers updated - stickers br,Entertainment
492,flix : movies & series 2020,Entertainment
493,toca life world town builders freeguide,Entertainment
494,guide snake io worms slither zone 2020,Entertainment
495,uvideo - share videos status downloader,Entertainment
496,trator farming simulator 2020 mods - brasil & lite,Entertainment
497,arox vod player,Entertainment
498,mooveez - movies by the month,Entertainment
499,ÙˆØµÙØ§Øª ØªØµØºÙŠØ± Ø§Ù„Ø£Ù†Ù Ø¨Ø¯ÙˆÙ† Ø¬Ø±Ø§Ø­Ø©,Events
500,eventos wizink,Events
501,nfc emv card reader,Finance
502,restaurant partner app,Food & Drink
503,Ù…Ø³ØªØ±Ù‚ØµØ§Ø¨ - Ø§Ù‚Ù„Ø§Ù… Ø±Ø³ØªÙˆØ±Ø§Ù†ÛŒ,Food & Drink
504,specialty foods,Food & Drink
505,thermomix recipes,Food & Drink
506,smartcooking,Food & Drink
507,pizzapp+,Food & Drink
508,freezer manager,Food & Drink
509,fitchef,Food & Drink
510,clube correia,Food & Drink
511,receitas para vender e lucrar,Food & Drink
512,spyce,Food & Drink
513,barback,Food & Drink
514,cloudbbq,Food & Drink
515,mrbeast burger,Food & Drink
516,mobilkredit 2,Food & Drink
517,ben's burger benÃ¡tky nad jizerou,Food & Drink
518,fabbricia,Food & Drink
519,menÃ­Äka,Food & Drink
520,pivnÃ­ denÃ­Äek,Food & Drink
521,airfryer masterchef - easy airfryer recipes,Food & Drink
522,fast food gutscheine app: burgerking kfc mcdonalds,Food & Drink
523,table ordering,Food & Drink
524,jeg elsker mad - opskrifter,Food & Drink
525,marmaris kebab reading,Food & Drink
526,tregren smartgardener,Food & Drink
527,ravintola mado,Food & Drink
528,ravintola limos,Food & Drink
529,livraison quick nc,Food & Drink
530,cyril lignac : mes desserts,Food & Drink
531,mundraub navigator,Food & Drink
532,fudx,Food & Drink
533,starbucks secret menu for 2021 - latest drinks,Food & Drink
534,recup - reuse return repeat,Food & Drink
535,eatiko - food delivery & restaurant finder,Food & Drink
536,zasket - online affordable supermarket,Food & Drink
537,hunquest,Food & Drink
538,aneka resep es lengkap offline,Food & Drink
539,resep kue tradisional lengkap offline,Food & Drink
540,resep gorengan makanan favorite indonesia,Food & Drink
541,"ÙÙˆØ¯Ø³Ù†ØªØ±,  Ø³ÙØ§Ø±Ø´ Ø¢Ù†Ù„Ø§ÛŒÙ† ØºØ°Ø§  Ø¯Ø± Ú©Ø±Ù…Ø§Ù† | foodcenter",Food & Drink
542,bijbij,Food & Drink
543,Ø¢Ù…ÙˆØ²Ø´ ØªÙ‡ÛŒÙ‡ Ø§Ù†ÙˆØ§Ø¹ Ø³Ø³,Food & Drink
544,Ø³Ø§Ù…ÛŒÙ†Ùˆ,Food & Drink
545,piale Ù¾ÛŒØ§Ù„Ù‡ØŒ Ø³ÙØ§Ø±Ø´ Ø¢Ù†Ù„Ø§ÛŒÙ† Ù¾ÛŒØªØ²Ø§ØŒ Ù‡Ù…Ø¨Ø±Ú¯Ø± Ùˆ Ø³Ø§Ù†Ø¯ÙˆÛŒÚ†,Food & Drink
546,walkthrough flash player for android 2021,Food & Drink
547,Ø­Ø§ØªÙ… ÙÙˆØ¯,Food & Drink
548,pizza motorino,Food & Drink
549,pazzi per gli impasti,Food & Drink
550,sushi excellence,Food & Drink
551,cocai express,Food & Drink
552,bibenda 2021 la guida,Food & Drink
553,lista cocktails iba 2020,Food & Drink
554,sanoo,Food & Drink
555,å’Œé£Ÿã•ã¨å…¬å¼ã‚¢ãƒ—ãƒª,Food & Drink
556,dulce sensaciÃ³n,Food & Drink
557,mr.foody,Food & Drink
558,gluten morgen,Food & Drink
559,meep delivery,Food & Drink
560,kami sushi,Food & Drink
561,pizzanini hamar,Food & Drink
562,easyfood.no,Food & Drink
563,bibos app,Food & Drink
564,kolbotn sushi & wok express,Food & Drink
565,easy vegan cooking - vegan recipes,Food & Drink
566,przepisy coio,Food & Drink
567,jenn's burger & more,Food & Drink
568,dr. nutrition,Food & Drink
569,recetas para monsieur cuisine,Food & Drink
570,five o'clock,Food & Drink
571,karczma u sÅ‚odkiego,Food & Drink
572,ginkgo,Food & Drink
573,burger ranch,Food & Drink
574,pikit - food & grocery delivery,Food & Drink
575,xxl burger,Food & Drink
576,food roulette,Food & Drink
577,ĞºĞ°Ñ€Ñ‚Ğ° Ğ´Ğ»Ñ ÑĞºĞ¸Ğ´Ğ¾Ğº: Ğ´Ğ¸ĞºÑĞ¸!,Food & Drink
578,Ñ€ĞµÑ†ĞµĞ¿Ñ‚Ñ‹ Ğ½Ğ° ĞºĞ°Ğ¶Ğ´Ñ‹Ğ¹ Ğ´ĞµĞ½ÑŒ. Ğ³Ğ¾Ñ‚Ğ¾Ğ²Ğ¸Ñ‚ÑŒ ĞºÑƒĞ»Ğ¸Ğ½Ğ°Ñ€Ğ½Ñ‹Ğµ Ğ±Ğ»ÑĞ´Ğ°.,Food & Drink
579,"proĞ¿Ğ¾Ñ€Ñ†Ğ¸Ğ¸,  Ğ¼ĞµĞ½Ñ Ğ½Ğ° Ğ¼ĞµÑÑÑ† Ğ´Ğ»Ñ Ğ¿Ğ¾Ñ…ÑƒĞ´ĞµĞ½Ğ¸Ñ",Food & Drink
580,Ñ…Ğ¾ÑƒĞ¼ Ğ¿Ğ¸Ñ†Ñ†Ğ° - Ğ´Ğ¾ÑÑ‚Ğ°Ğ²ĞºĞ° Ğ¿Ğ¸Ñ†Ñ†Ñ‹,Food & Drink
581,Ğ¿Ñ€Ğ¾ÑÑ‚Ğ¾Ğ¹ ĞºĞ°Ğ»ÑŒĞºÑƒĞ»ÑÑ‚Ğ¾Ñ€ ÑĞ°Ğ¼Ğ¾Ğ³Ğ¾Ğ½Ñ‰Ğ¸ĞºĞ°,Food & Drink
582,Ğ½Ğ°ÑˆĞ¿Ğ¾Ñ‚Ñ€ĞµĞ±Ğ½Ğ°Ğ´Ğ·Ğ¾Ñ€ Ñ‚Ğ°Ğ±Ğ»Ğ¸Ñ†Ñ‹,Food & Drink
583,alhatab bakery | Ø£ÙØ±Ø§Ù† Ø§Ù„Ø­Ø·Ø¨,Food & Drink
584,karam express | ÙƒØ±Ù… Ø¹Ø§Ù„Ø³Ø±ÙŠØ¹,Food & Drink
585,Ù…ÙŠØ§Ù‡ Ø±Ø³Øª rest water,Food & Drink
586,enabah,Food & Drink
587,Ø±ÙŠØ¯Ø§Ù†,Food & Drink
588,Ø¹Ø±ÙˆØ¶ Ù‡Ù†Ù‚Ø±Ø³ØªÙŠØ´Ù† - Ø§Ø­ØµÙ„ Ø¹Ù„Ù‰ 50 Ø±ÙŠØ§Ù„ Ø±ØµÙŠØ¯ Ù…Ø¬Ø§Ù†ÙŠ!,Food & Drink
589,hashi basha restaurants,Food & Drink
590,Ø¯ÙƒØªÙˆØ± Ø³ØªÙŠÙƒ | doctor steak,Food & Drink
591,tÄ±kla gelsinÂ®,Food & Drink
592,ë…¸ëŸ‰ì§„ ìˆ˜ì‚°ì‹œì¥ ìˆ˜ì‚°ì •ë³´- ì‹±ì‹±ì´,Food & Drink
593,ì˜¤í¼ë°€ - ì§ì¥ì¸ ì ì‹¬ì‹ì‚¬ ì£¼ë¬¸/í”½ì—… ì„œë¹„ìŠ¤,Food & Drink
594,ë§›ì§‘ìƒì ,Food & Drink
595,ëŒë ¤ëŒë ¤ìŒì‹ë©”ë‰´ëŒë¦¼íŒ!,Food & Drink
596,recetas para mambo cecotec 9090 en espaÃ±ol,Food & Drink
597,recetas thermomix tm 6 en espaÃ±ol,Food & Drink
598,100 montaditos - survival guide,Food & Drink
599,casual street food,Food & Drink
600,recepten.se,Food & Drink
601,sen street kitchen,Food & Drink
602,fredoâ€™s pizzagastronomia,Food & Drink
603,john scott's,Food & Drink
604,new smood restaurant,Food & Drink
605,tatlÄ± tarifleri - iÌ‡nternetsiz,Food & Drink
606,kolay kek tarifleri (iÌ‡nternetsiz),Food & Drink
607,yemek tarifleri - iÌ‡nternetsiz 500'den fazla tarif,Food & Drink
608,yemek tarifleri - iÌ‡nternetsiz 500'den fazla tarif,Food & Drink
609,sushico,Food & Drink
610,iÌ‡nternetsiz yemek tarifleri (yÃ¼zlerce resimli),Food & Drink
611,meyveli pasta tarifleri - iÌ‡nternetsiz ğŸ‚,Food & Drink
612,suÌˆtluÌˆ tatlÄ± tarifleri - iÌ‡nternetsiz ğŸ¥›,Food & Drink
613,dondurma tarifleri - iÌ‡nternetsiz â¤ï¸,Food & Drink
614,bÃ¶rek ve poÄŸaÃ§a tarifleri - iÌ‡nternetsiz,Food & Drink
615,paÅŸabahÃ§e catalogues,Food & Drink
616,oburiks - online yemek sipariÅŸi - telefon sipariÅŸ,Food & Drink
617,sebze yemekleri - iÌ‡nternetsiz â¤ï¸,Food & Drink
618,bÃ¶rek ve poÄŸaÃ§a tarifleri - iÌ‡nternetsiz,Food & Drink
619,beyhan'Ä±n mutfaÄŸÄ±,Food & Drink
620,Ã§orba tarifleri - bedava (yÃ¼zlerce tarif)ğŸœ,Food & Drink
621,baklava tarifleri- iÌ‡nternetsiz â¤ï¸,Food & Drink
622,iÌ‡nternetsiz bÃ¶rek tarifleri,Food & Drink
623,pilav tarifleri - iÌ‡nternetsiz  â¤ï¸,Food & Drink
624,kek tarifleri - bedava,Food & Drink
625,sarma tarifleri - iÌ‡nternetsiz,Food & Drink
626,apron yemek,Food & Drink
627,saÄŸlÄ±klÄ± beslen,Food & Drink
628,kÄ±sÄ±r tarifleri - iÌ‡nternetsiz â¤ï¸,Food & Drink
629,iÌ‡nternetsiz sÃ¼tlÃ¼ tatlÄ± tarifleri,Food & Drink
630,makarna tarifleri - iÌ‡nternetsiz â¤ï¸,Food & Drink
631,burger delivery van: street food restaurant,Food & Drink
632,etsiz Ã§iÄŸ kÃ¶fte tarifleri - iÌ‡nternetsiz,Food & Drink
633,etsiz Ã§iÄŸ kÃ¶fte tarifleri - iÌ‡nternetsiz,Food & Drink
634,metrolite,Food & Drink
635,the golden cross,Food & Drink
636,plat et recettes ww,Food & Drink
637,'t frietamientje,Food & Drink
638,teeth whitening tips,Health & Fitness
639,homemade facial masks,Health & Fitness
640,Ù…Ø§Ø³Ú© ØµÙˆØ±Øª Ø·Ø¨ÛŒØ¹ÛŒ - Ø¯Ø±Ù…Ø§Ù† Ø®Ø§Ù†Ú¯ÛŒ Ø³ÙÛŒØ¯ Ø´Ø¯Ù† Ù¾ÙˆØ³Øªâ€,Health & Fitness
641,snack tracker,Health & Fitness
642,bp monitor app,Health & Fitness
643,bstrong free,Health & Fitness
644,beautiful breast workout for women,Health & Fitness
645,massage therapy study app free,Health & Fitness
646,meduniqa - bulgaria,Health & Fitness
647,quÃ© hacer para perder barriga en 1 semana,Health & Fitness
648,alcodroid alcohol tracker,Health & Fitness
649,menu diet seminggu,Health & Fitness
650,de vers-app bij vers-training,Health & Fitness
651,beep test,Health & Fitness
652,paul sadler swimland,Health & Fitness
653,cycling - bike tracker,Health & Fitness
654,sca fit 2020,Health & Fitness
655,sca aluno,Health & Fitness
656,pantherpet,Health & Fitness
657,new directions eap,Health & Fitness
658,home physio,Health & Fitness
659,huawei body fat scale,Health & Fitness
660,mutjutin - wellness tool,Health & Fitness
661,annuaire santÃ© dâ€™ameli,Health & Fitness
662,colonna facility,Health & Fitness
663,my cardiac coherence,Health & Fitness
664,diet plan for weight loss,Health & Fitness
665,giant stopwatch,Health & Fitness
666,gym workout - offline training,Health & Fitness
667,seha.life,Health & Fitness
668,à¤²à¤¿à¤‚à¤— à¤•à¥‹ à¤²à¤‚à¤¬à¤¾ à¤¬à¤¡à¤¾ à¤“à¤° à¤•à¤ à¥‹à¤° à¤¸à¥€à¤§à¤¾ à¤•à¤°à¤¨à¥‡ à¤•à¥‡ à¤‰à¤ªà¤¾à¤¯,Health & Fitness
669,sugarcare,Health & Fitness
670,how to prevent breast sagging,Health & Fitness
671,resep herba hni-hpai,Health & Fitness
672,simple ovulation day tracker - fertility calendar,Health & Fitness
673,cara diet ocd,Health & Fitness
674,kalkulator haid dan ovulasi - kalender menstruasi,Health & Fitness
675,darker (screen filter),Health & Fitness
676,cara cepat hamil,Health & Fitness
677,Ø§ÛŒÙ…Ù¾Ùˆ | ØªÙ‚ÙˆÛŒÙ… Ù‚Ø§Ø¹Ø¯Ú¯ÛŒ Ùˆ Ø³Ù„Ø§Ù…Øª Ø±ÙˆØ§Ù†,Health & Fitness
678,small waist workout - hips and glute,Health & Fitness
679,small waist workout - exercise guide,Health & Fitness
680,miopediatra,Health & Fitness
681,fevercheck,Health & Fitness
682,trec diabete 2 beta,Health & Fitness
683,è¦–åŠ›å›å¾©ãƒˆãƒ¬ãƒ¼ãƒ‹ãƒ³ã‚°,Health & Fitness
684,fever chart,Health & Fitness
685,depth perception,Health & Fitness
686,panel dietly,Health & Fitness
687,gymlify - workout notes,Health & Fitness
688,boost plan,Health & Fitness
689,grupo hpa saÃºde,Health & Fitness
690,smart scales,Health & Fitness
691,exercises for gym,Health & Fitness
692,"buttocks, legs and hips workout for home",Health & Fitness
693,ÙˆØµÙØ§Øª Ø§Ù„Ø¹Ù„Ø§Ø¬ Ø¨Ø§Ù„Ø£Ø¹Ø´Ø§Ø¨ Ø¨Ø¯ÙˆÙ† Ø§Ù†ØªØ±Ù†Øª,Health & Fitness
694,ë™ë©´ì¤‘ì˜ ìš´ë™ë„ìš°ë¯¸,Health & Fitness
695,ì‚¬ë‘í•´ëª…ìƒ 5ë¶„ 2019,Health & Fitness
696,pet breath counter,Health & Fitness
697,carpeta personal de salud,Health & Fitness
698,bokningsappen,Health & Fitness
699,contact lenses time,Health & Fitness
700,iÌ‡deal kilo hesaplama,Health & Fitness
701,breath hub,Health & Fitness
702,kaÃ§ kalori yakÄ±yorum?,Health & Fitness
703,telkin ile meditasyon: Ã¼cretsiz app,Health & Fitness
704,dermia - analyze skin cancer with your camera a.i,Health & Fitness
705,l'ambulancier,Health & Fitness
706,vaccineapp,Health & Fitness
707,bc health service locator,Health & Fitness
708,reservasi online rswb,Health & Fitness
709,pendaftaran online pku solo,Health & Fitness
710,akp bhayangkara lumajang,Health & Fitness
711,pronto soccorso genova,Health & Fitness
712,gulp - hydrate & track water,Health & Fitness
713,health station,Health & Fitness
714,anÃ¡lise da gasometria arterial,Health & Fitness
715,farmacias de guardia - sescam,Health & Fitness
716,lab values free,Health & Fitness
717,help at hand - community info,Health & Fitness
718,dance workout videos : reduce belly fat for women,Health & Fitness
719,smart mess,House & Home
720,kitchen scale,House & Home
721,yacine pro frequence tv,Libraries & Demo
722,mehndi designs (offline),Lifestyle
723,women's long hair gallery,Lifestyle
724,wedoofood,Lifestyle
725,optik go,Lifestyle
726,aeonbodyï¼ˆã‚¤ã‚ªãƒ³ãƒœãƒ‡ã‚£ï¼‰å…¬å¼ã‚¢ãƒ—ãƒª,Lifestyle
727,love fortune teller,Lifestyle
728,cbus trash,Lifestyle
729,raiffeisen club,Lifestyle
730,defence pension info,Lifestyle
731,cred pay & earn : guide,Lifestyle
732,Ú©Ø§Ù¾ Ø²ÛŒ | cupzi,Lifestyle
733,toyota toys motors,Lifestyle
734,anb live,Lifestyle
735,cuisine: recettes faciles 2019,Lifestyle
736,ë¹½ë‹¤ë°© ë©”ë‰´íŒ,Lifestyle
737,brent's,Lifestyle
738,ÑÑ‚Ğ¸ĞºĞµÑ€Ñ‹ Ğ¼Ñ‡Ñ wastickerapps,Lifestyle
739,vegan life,Lifestyle
740,gps route finder + location sharing,Maps & Navigation
741,cartrack gps,Maps & Navigation
742,la metro companion- bus + rail,Maps & Navigation
743,logmanager,Maps & Navigation
744,wegenbelasting berekenen,Maps & Navigation
745,c24 connect,Maps & Navigation
746,mdt travel info,Maps & Navigation
747,petrol spy australia,Maps & Navigation
748,ilogbook - learner logbook,Maps & Navigation
749,adelaide transit,Maps & Navigation
750,vesselfinder free,Maps & Navigation
751,thinkware dashcam viewer,Maps & Navigation
752,geosrbija - digitalna platforma,Maps & Navigation
753,droniq app,Maps & Navigation
754,osm peak finder,Maps & Navigation
755,wanneer rijdt mijn bus?,Maps & Navigation
756,parking in antwerp,Maps & Navigation
757,cng / lng finder,Maps & Navigation
758,nest gotcha!,Maps & Navigation
759,consultas detranrj,Maps & Navigation
760,sÃ£o paulo metro - official,Maps & Navigation
761,boletim ao mar,Maps & Navigation
762,407 toll calculator,Maps & Navigation
763,ontario parks (unofficial map & guide),Maps & Navigation
764,vessel watch,Maps & Navigation
765,vancouver transit translink: real-time,Maps & Navigation
766,weigh my truck,Maps & Navigation
767,car4way,Maps & Navigation
768,webdispecink,Maps & Navigation
769,lavdis mobile,Maps & Navigation
770,transit â€¢ offline timetables,Maps & Navigation
771,vag dpf free,Maps & Navigation
772,gps dozor v2,Maps & Navigation
773,movieloci: filming locations,Maps & Navigation
774,find my car - gps navigation,Maps & Navigation
775,locus map for garmin,Maps & Navigation
776,dozor city,Maps & Navigation
777,location radius,Maps & Navigation
778,landets puls,Maps & Navigation
779,aviamaps,Maps & Navigation
780,easystart call basic,Maps & Navigation
781,aluskartta,Maps & Navigation
782,polttoaine,Maps & Navigation
783,bus 31 toulouse,Maps & Navigation
784,multicarto france,Maps & Navigation
785,zenbus,Maps & Navigation
786,lecar by rdt13,Maps & Navigation
787,allbikesnow,Maps & Navigation
788,kurviger - motorcycle and scenic roads navi,Maps & Navigation
789,logpay card station finder app,Maps & Navigation
790,hilfe im wald,Maps & Navigation
791,tamil nadu rto vehicle info - vehicle owner info,Maps & Navigation
792,cctv arus lalulintas,Maps & Navigation
793,indonesian cctv,Maps & Navigation
794,phonelink,Maps & Navigation
795,ptsl tracking 2.0,Maps & Navigation
796,gps.id by super spring,Maps & Navigation
797,sailings,Maps & Navigation
798,tehran traffic,Maps & Navigation
799,info bus verona,Maps & Navigation
800,info bus verona,Maps & Navigation
801,roma mobile (autobus atac app originale),Maps & Navigation
802,chebateo?,Maps & Navigation
803,suica reader,Maps & Navigation
804,å‰æ–¹ä½ãƒãƒƒãƒ— - ä¹æ˜Ÿæ°—å­¦ -,Maps & Navigation
805,jræ±æµ·ã€€æ±æµ·é“ãƒ»å±±é™½æ–°å¹¹ç·šæ™‚åˆ»è¡¨,Maps & Navigation
806,åŒ—é‰„æ™‚åˆ»è¡¨,Maps & Navigation
807,ecobici cdmx,Maps & Navigation
808,cdmx metro y metrobÃºs,Maps & Navigation
809,hoy no circulas,Maps & Navigation
810,citicab,Maps & Navigation
811,bil i oslo,Maps & Navigation
812,bil og henger,Maps & Navigation
813,torghatten trafikkselskap (tts),Maps & Navigation
814,przepisy drogowe,Maps & Navigation
815,nacex,Maps & Navigation
816,lisboa move-me,Maps & Navigation
817,Ñ‚Ñ€Ğ°Ğ½ÑĞ¿Ğ¾Ñ€Ñ‚Ğ½Ñ‹Ğµ ĞºĞ°Ñ€Ñ‚Ñ‹ Ğ¼Ğ¾ÑĞºĞ²Ñ‹,Maps & Navigation
818,tyumen.transport,Maps & Navigation
819,econtool for nissan elm327,Maps & Navigation
820,Ñ‚Ñ€Ğ°Ğ½ÑĞ¿Ğ¾Ñ€Ñ‚ Ğ¿ĞµÑ€Ğ¼Ğ¸,Maps & Navigation
821,Ø¹Ù†ÙˆØ§Ù†ÙŠ: Ø¹Ù†ÙˆØ§Ù†Ùƒ Ø§Ù„ÙˆØ·Ù†ÙŠ Ø¨ÙƒÙ„ Ø³Ù‡ÙˆÙ„Ø©,Maps & Navigation
822,Ø§Ø­Ø¯Ø§Ø«ÙŠØ§Øª,Maps & Navigation
823,Ñ€Ğ°Ğ¼ĞºĞ¸ Ğ¿Ğ»Ğ°Ñ‚Ğ¾Ğ½,Maps & Navigation
824,Ù…Ø¯ÙŠÙ†ØªÙŠ,Maps & Navigation
825,Ø³ÙŠÙÙˆÙ†: Ø§Ù„ØªØ·Ø¨ÙŠÙ‚ Ø§Ù„ÙˆØ­ÙŠØ¯ Ø§Ù„Ù„ÙŠ ÙØ¹Ù„Ø§ Ù‡ÙŠØ±ÙŠØ­Ùƒ,Maps & Navigation
826,free lamour live video stream and chat guide,Maps & Navigation
827,current address,Maps & Navigation
828,autoÅ¡kola sk,Maps & Navigation
829,êµ­ê°€êµí†µì •ë³´ì„¼í„°,Maps & Navigation
830,ë¶€ì‚°ë²„ìŠ¤ - ë„ì°©ì˜ˆì • ì •ë³´ ì•ˆë‚´,Maps & Navigation
831,ëŒ€êµ¬ë²„ìŠ¤ - ë¸”ë£¨ë³´ë“œ,Maps & Navigation
832,t-map auto run,Maps & Navigation
833,jeju bus - jejudo busro,Maps & Navigation
834,tu transporte madrid - interurbanos emt cercanÃ­as,Maps & Navigation
835,cordobus - autobuses de cÃ³rdoba,Maps & Navigation
836,horarios renfe + cercanias + rodalies + feve,Maps & Navigation
837,mueve zaragoza,Maps & Navigation
838,opus bilprovning,Maps & Navigation
839,malmÃ¶ by bike,Maps & Navigation
840,reskollen (vÃ¤sttrafik),Maps & Navigation
841,dabus2 - the oahu bus app,Maps & Navigation
842,cacharge,Maps & Navigation
843,tpg,Maps & Navigation
844,wemlin,Maps & Navigation
845,pÃ¤sse.info,Maps & Navigation
846,kennzeichen ch,Maps & Navigation
847,loctra,Maps & Navigation
848,autokennzeichen,Maps & Navigation
849,plaka kodu sorgulama,Maps & Navigation
850,iÌ‡stanbul ulaÅŸÄ±m,Maps & Navigation
851,araÃ§ yakÄ±t hesaplama,Maps & Navigation
852,open canal map,Maps & Navigation
853,open britain,Maps & Navigation
854,guaguaya!,Maps & Navigation
855,prÃ³ximo comboio cascais,Maps & Navigation
856,trains timetable - delays - routes - alarm clocks,Maps & Navigation
857,dmc fisioterapia,Medical
858,dmc estÃ©tica,Medical
859,heilkrÃ¤uter / mamas krÃ¤uter-app,Medical
860,asn app,Medical
861,blood pressure diary,Medical
862,b+ : bplus blood donation app,Medical
863,zerocoda area vasta 5,Medical
864,first aid in case of emergency,Medical
865,nÃ¶betÃ§i eczane,Medical
866,qscan myresults patient access,Medical
867,xri patient access,Medical
868,suicide safety plan,Medical
869,scanaptics patient access,Medical
870,poo goes to pooland,Medical
871,blood pressure tracker - bp checker - bp logger,Medical
872,body temperature tracker - fever thermometer log,Medical
873,doccheck flexikon,Medical
874,fortbildung rettungsdienst,Medical
875,bone age app,Medical
876,vitamin check: deficiency diagnosis tool,Medical
877,diabetes easy - der diabetes rechner,Medical
878,dentalcluj brush assistant,Medical
879,oxycare - (pulse oximeter),Medical
880,echo112 â€“ medical id,Medical
881,mon vÃ©tÃ©rinaire,Medical
882,oxygen duration calculator,Medical
883,upa 24hs,Medical
884,geap,Medical
885,bio saÃºde,Medical
886,portal do paciente hc,Medical
887,laboratÃ³rio app,Medical
888,blood sugar test checker : glucose convert tracker,Medical
889,sÃ£o miguel saÃºde,Medical
890,simers,Medical
891,radex - projeÃ§Ãµes e tÃ©cnicas radiolÃ³gicas,Medical
892,consultorio - clinic management,Medical
893,net check in - valley medical laboratories,Medical
894,glimp s,Medical
895,infusion pump,Medical
896,portable thermometer,Medical
897,patienthÃ¥ndbogen,Medical
898,hjerteassistance,Medical
899,antibiotikavejledning,Medical
900,lÃ¦gehÃ¥ndbogen,Medical
901,stressdagbogen,Medical
902,stress af,Medical
903,vaccines guide,Medical
904,gp antibiotics,Medical
905,mobilklinik,Medical
906,fate card,Medical
907,sens motion,Medical
908,my nhif,Medical
909,gpcs ginecologÃ­a y obstetricia,Medical
910,neonatai,Medical
911,gpcs endocrinologÃ­a,Medical
912,gpcs pediatrÃ­a,Medical
913,gpcs urgencias,Medical
914,gpcs cirugÃ­a y gastroenterologÃ­a,Medical
915,gpcs infectologÃ­a,Medical
916,philhealth acr search,Medical
917,gpcs dermatologÃ­a,Medical
918,olympe care,Medical
919,tumoral marker gustave roussy,Medical
920,pocketdoc -  diagnostics et ordonnances types,Medical
921,glucocompteur - diabhelp - diabÃ¨te,Medical
922,synapse mobility (global),Medical
923,age de la grossesse,Medical
924,safe delivery,Medical
925,anatomy notes:abdomen & pelvis,Medical
926,siap rsud dr. achmad mochtar,Medical
927,sifat mobile,Medical
928,rskd mobile,Medical
929,"kalkulator gizi anak""bulungansehat""standarkemenkes",Medical
930,klikpasien for doctors - untuk dokter,Medical
931,pendaftaran online rsi jepara,Medical
932,keluarga sehat versi 2.0,Medical
933,bjp,Medical
934,boneboxâ„¢ - dental lite,Medical
935,aplikasi pendaftaran dan antrian pasien,Medical
936,imd - medical resources,Medical
937,Ø±Ú˜ÛŒÙ… Ø¯Ø±Ù…Ø§Ù†ÛŒ sibdiet,Medical
938,drugrx,Medical
939,medical dictionary offline,Medical
940,Ø·Ø¨ÛŒØ§Ø¯,Medical
941,Ú¯Ø±Ø¯ÙˆÙ†Ù‡ ØªØ¹ÛŒÛŒÙ† Ø³Ù† Ø¨Ø§Ø±Ø¯Ø§Ø±ÛŒ,Medical
942,mehrsys medical library,Medical
943,ÙØ±Ù‡Ù†Ú¯ Ù„ØºØ§Øª Ù¾Ø²Ø´Ú©ÛŒ,Medical
944,Ù¾Ø²Ø´Ú© Ø²Ù†Ø§Ù† farsi gynecologist,Medical
945,Ù†ÙˆØ¨Øª Ø¢Ù„ | nobatall.com,Medical
946,idia - control diabetes and track blood sugar,Medical
947,ocularcheck,Medical
948,Ù¾Ø²Ø´Ú© Ø§Ø·ÙØ§Ù„ farsi pediatrician,Medical
949,tonal tinnitus therapy,Medical
950,adhd test,Medical
951,clinicals â€“ history & physical,Medical
952,avis treviso,Medical
953,neofarm sin,Medical
954,cercaunfarmaco,Medical
955,gravidanza mia - free,Medical
956,prontuario farmaceutico,Medical
957,bruxapp,Medical
958,monitorps,Medical
959,cerca farmacia,Medical
960,è¡€åœ§ãƒ¬ã‚³ãƒ¼ãƒ€ãƒ¼ - è¡€åœ§æ¸¬å®šçµæœã‚’ç®¡ç†ã™ã‚‹ç„¡æ–™ã‚¢ãƒ—ãƒª,Medical
961,ãƒã‚±ãƒƒãƒˆå¿ƒé›»å›³,Medical
962,nippon aed map,Medical
963,gpcs traumatologÃ­a y ortopedia,Medical
964,gpcs nefrologÃ­a y urologÃ­a,Medical
965,gpcs cardiologÃ­a y angiologÃ­a,Medical
966,gpcs neurologÃ­a,Medical
967,gpcs odontologÃ­a,Medical
968,gpcs neumologÃ­a,Medical
969,gpcs enfermerÃ­a,Medical
970,gpcs hematologÃ­a,Medical
971,gpcs oftalmologÃ­a,Medical
972,gpcs psiquiatrÃ­a,Medical
973,gpcs oncologÃ­a,Medical
974,gpcs medicina familiar,Medical
975,gpcs reumatologÃ­a,Medical
976,futuro residente,Medical
977,gpcs otorrinolaringologÃ­a,Medical
978,fissios,Medical
979,gestograma unam,Medical
980,electrocardiografÃ­a bÃ¡sica,Medical
981,nursing calculator,Medical
982,dosimed,Medical
983,egfr calculators,Medical
984,vetemecum,Medical
985,diccionario de medicamentos,Medical
986,cie10 (espaÃ±ol),Medical
987,enfmed calculations,Medical
988,guÃ­a farmacolÃ³gica,Medical
989,egfr calculators,Medical
990,dementie en herinneringen,Medical
991,wondwijzer,Medical
992,emdr kit,Medical
993,legemiddelutregning,Medical
994,veileder i akuttpsykiatri,Medical
995,ngf veiledere,Medical
996,henspe,Medical
997,news & sepsis screening,Medical
998,insulin dose calculator and timer for diabetes,Medical
999,urinemicro,Medical
1000,shocklink,Medical
1001,gdziepolek,Medical
1002,istel health,Medical
1003,test na depresjÄ™,Medical
1004,egzamin lek,Medical
1005,dziennik bÃ³lu gÅ‚owy,Medical
1006,siatki centylowe,Medical
1007,osÅ‚uchaj siÄ™ sam,Medical
1008,ekg vademecum,Medical
1009,ldep ldek (demo),Medical
1010,my pressure 2020 - pulse and blood pressure diary,Medical
1011,kalkulator tarczycowy,Medical
1012,istel ecg,Medical
1013,vet calculator,Medical
1014,hsjb digital,Medical
1015,guia do jovem internista,Medical
1016,material de penso,Medical
1017,neomate,Medical
1018,melhores ervas medicinais,Medical
1019,orthodose,Medical
1020,menstruation fertility pro lte,Medical
1021,manual terapÃ©utico,Medical
1022,Ğ°ĞºĞºÑ€ĞµĞ´Ğ¸Ñ‚Ğ°Ñ†Ğ¸Ñ ÑĞ¿Ğ¾ 2019,Medical
1023,"Ğ°Ğ½Ğ°Ğ»Ğ¾Ğ³Ğ¸ Ğ»ĞµĞºĞ°Ñ€ÑÑ‚Ğ², ÑĞ¿Ñ€Ğ°Ğ²Ğ¾Ñ‡Ğ½Ğ¸Ğº Ğ»ĞµĞºĞ°Ñ€ÑÑ‚Ğ² - Ğ¾Ñ„Ñ„Ğ»Ğ°Ğ¹Ğ½",Medical
1024,apteki.su â€” Ğ¿Ğ¾Ğ¸ÑĞº Ğ»ĞµĞºĞ°Ñ€ÑÑ‚Ğ²,Medical
1025,cardioexpert i,Medical
1026,Ğ¿ĞµÑ€Ğ²Ğ°Ñ Ğ¿Ğ¾Ğ¼Ğ¾Ñ‰ÑŒ - ĞºĞ°Ñ€Ğ¼Ğ°Ğ½Ğ½Ñ‹Ğ¹ Ğ´Ğ¾ĞºÑ‚Ğ¾Ñ€ (Ğ±Ğ°Ğ·Ğ¾Ğ²Ğ°Ñ Ğ²ĞµÑ€ÑĞ¸Ñ),Medical
1027,Ğ¼ĞµĞ´Ğ¸Ñ†Ğ¸Ğ½ÑĞºĞ¸Ğµ Ğ°Ğ½Ğ°Ğ»Ğ¸Ğ·Ñ‹,Medical
1028,ÑĞ°Ğ¼Ğ¾ĞºĞ¾Ğ½Ñ‚Ñ€Ğ¾Ğ»ÑŒ - ÑĞ°Ñ…Ğ°Ñ€Ğ½Ñ‹Ğ¹ Ğ´Ğ¸Ğ°Ğ±ĞµÑ‚,Medical
1029,Ğ¾ÑĞ½Ğ¾Ğ²Ñ‹ Ğ»Ğ°Ñ‚Ğ¸Ğ½ÑĞºĞ¾Ğ³Ğ¾ ÑĞ·Ñ‹ĞºĞ°,Medical
1030,Ğ·Ğ°Ğ¿Ğ¸ÑĞ°Ñ‚ÑŒÑÑ Ğ½Ğ° Ğ¿Ñ€Ğ¸ĞµĞ¼ Ğº Ğ²Ñ€Ğ°Ñ‡Ñƒ Ğ¾Ğ½Ğ»Ğ°Ğ¹Ğ½,Medical
1031,Ù…Ø³ØªØ´ÙÙ‰ Ù‚ÙˆÙ‰ Ø§Ù„Ø£Ù…Ù† Ø¨Ø§Ù„Ø±ÙŠØ§Ø¶ sfhp riyadh,Medical
1032,kfmmc Ø§Ù„Ø®Ø¯Ù…Ø§Øª Ø§Ù„Ø¥Ù„ÙƒØªØ±ÙˆÙ†ÙŠØ©,Medical
1033,ontarget tpn (free),Medical
1034,drug eye index,Medical
1035,ØªØ­Ù„ÙŠÙ„ Ø§Ù„Ø´Ø®ØµÙŠØ§Øª Ø¨Ø¯ÙˆÙ† Ù†Øª,Medical
1036,ì•„ì¹´ë°ë¯¸ì•„ ì˜í•™ì‚¬ì „ - ë²ˆë“¤ì•±,Medical
1037,k-app (ëŒ€í•œí™”í•™ìš”ë²•í•™íšŒ í•­ìƒì œ ê°€ì´ë“œ),Medical
1038,"ì•½ì‚¬ì™•-ì˜ì–‘ì œ,ì¼ë°˜ì•½ ë¬´ë£Œì¶”ì²œ",Medical
1039,mihistoria,Medical
1040,basque country blood donors,Medical
1041,andalucov,Medical
1042,pekemecum,Medical
1043,mastocitosis sistÃ©mica,Medical
1044,lÃ¤kemedelsboken,Medical
1045,cederroth first aid,Medical
1046,self help for trauma,Medical
1047,akhira hospital,Medical
1048,pocket psych: learn psychiatry anywhere!,Medical
1049,mental fatigue,Medical
1050,smarthug,Medical
1051,emutterpass,Medical
1052,Ø¯Ù„ÙŠÙ„ Ø§Ù„Ø£Ø¯ÙˆÙŠØ© Ø§Ù„ØªØ±ÙƒÙŠØ©,Medical
1053,reÃ§ete,Medical
1054,vaka protokolleri personel saÄŸlÄ±k paramedik,Medical
1055,temel bilimler tÄ±p notlarÄ±,Medical
1056,blood pressure tracker : bp checker log : bp info,Medical
1057,neo-iÌ‡laÃ§,Medical
1058,eczacÄ±lÄ±k Ã¶ÄŸrenci rehberi,Medical
1059,child metrics,Medical
1060,"hastalÄ±k bulucu:doktora sor, belirti tara",Medical
1061,blood assist,Medical
1062,iresus,Medical
1063,toxbase,Medical
1064,certificati,Medical
1065,blood pressure checker diary : bp tracker bp info,Medical
1066,pro catin,Medical
1067,hospital san agustÃ­n,Medical
1068,arabela,Music
1069,kalpa - original rhythm game,Music
1070,boomplay(tv)ï¼šstream & download free trending music,Music & Audio
1071,daddy yankee & snow - con calma musica y letras,Music & Audio
1072,belajar tahsin al qur'an - abu rabbani,Music & Audio
1073,radio cloud,Music & Audio
1074,varo wifi system controller,Music & Audio
1075,vanilla music,Music & Audio
1076,ğŸ™ brahctopus,Music & Audio
1077,justin bieber - yummy,Music & Audio
1078,musicolet music player [no ads],Music & Audio
1079,sync itunes to android - free,Music & Audio
1080,smart audiobook player,Music & Audio
1081,austria radio - online austrian fm radio,Music & Audio
1082,mc niack - oh juliana album,Music & Audio
1083,mc marks - na favela tem felicidade album,Music & Audio
1084,mc dricka - e nos tem um charme que e album 2020,Music & Audio
1085,bluos controller,Music & Audio
1086,globus guld,Music & Audio
1087,podplay,Music & Audio
1088,radios franÃ§aises : appli gratuite et sans pub,Music & Audio
1089,virgin radio en direct fr,Music & Audio
1090,jyo music pro -  set jio caller tune 2020,Music & Audio
1091,free music radio streaming unlimited music,Music & Audio
1092,dj tiktok 2021 nonstop offline,Music & Audio
1093,dj tiktok viral terbaru 2021 offline,Music & Audio
1094,tube music download - tubeplay mp3 download,Music & Audio
1095,dj coba kau ingat ingat kembali remix offline,Music & Audio
1096,vanny vabiola offline mp3 full album,Music & Audio
1097,dynamite - bts song offline 2020,Music & Audio
1098,radio ava,Music & Audio
1099,Ø³Ø§Ø³ÛŒ Ù…Ø§Ù†Ú©Ù† Ø¨Ø¯ÙˆÙ† Ø§ÛŒÙ†ØªØ±Ù†Øª sasy mankan offline,Music & Audio
1100,jetaudio hd music player,Music & Audio
1101,"hayedeh,mahasti,homeyra,shakila,moein-omid",Music & Audio
1102,Ø¢Ù‡Ù†Ú¯ Ø¬Ø¯ÛŒØ¯ Ø³ØªÛŒÙ† Ø¨Ø¯ÙˆÙ† Ø§ÛŒÙ†ØªØ±Ù†Øª satin offline,Music & Audio
1103,Ú¯Ù„Ú†ÛŒÙ† ØªÚ©Ù¾Ù„ÛŒØ± Ø¨Ø±Ø§ÛŒ Ø§Ù…ÛŒØ± ØªØªÙ„Ùˆ Ø¨Ø¯ÙˆÙ† Ø§ÛŒÙ†ØªØ±Ù†Øª,Music & Audio
1104,podair - airpods battery level,Music & Audio
1105,me contro te musicas new album,Music & Audio
1106,ç€ä¿¡éŸ³è¨­å®šã‚¢ãƒ—ãƒªï¼papattoâ™ªâ™ª,Music & Audio
1107,hi music lite - free music downloader mp3 download,Music & Audio
1108,lrc lyrics player,Music & Audio
1109,é¬¼æ»…ã®åˆƒã®ã‚µã‚¦ãƒ³ãƒ‰ãƒˆãƒ©ãƒƒã‚¯,Music & Audio
1110,ulub player,Music & Audio
1111,foobar2000,Music & Audio
1112,Ğ¼ÑƒĞ·Ñ‹ĞºĞ° Ğ²ĞºĞ¾Ğ½Ñ‚Ğ°ĞºÑ‚Ğµ ÑĞºĞ°Ñ‡Ğ°Ñ‚ÑŒ Ğ¸ ÑĞ»ÑƒÑˆĞ°Ñ‚ÑŒ,Music & Audio
1113,black music player (no ads),Music & Audio
1114,Ø§ØºÙ†ÙŠØ© Ø¨Ø§Ù„Ø¨Ù†Ø· Ø§Ù„Ø¹Ø±ÙŠØ¶ (Ø§Ù„Ø·Ø¨Ø·Ø¨Ø©) - Ø­Ø³ÙŠÙ† Ø§Ù„Ø¬Ø³Ù…ÙŠ 2020,Music & Audio
1115,Ø¨ÙŠØ¨ÙŠ Ø´Ø±Ùƒ Ø¨Ø¯ÙˆÙ†-Ù†Øª,Music & Audio
1116,Ø¬Ù…ÙŠØ¹ Ø±Ù†Ø§Øª Ø§Ù„Ø§ÙŠÙÙˆÙ† 2021,Music & Audio
1117,Ø±ÙŠÙ…ÙƒØ³ Ø£Ø¬Ù†Ø¨ÙŠ 2019-hd Ø¨Ø¯ÙˆÙ† Ù†Øª,Music & Audio
1118,Ù†Ø¯Ù‰ Ø­Ø¨ÙŠØ¨Ø© Ø¨Ø§Ø¨Ø§ Ùˆ Ù…Ø§Ù…Ø§ - Ø¨Ø¯ÙˆÙ† Ù†Øª,Music & Audio
1119,top hits 2020 - new popular songs 2020 =  offline,Music & Audio
1120,íŠ¸ë¡¯ íˆ¬í‘œ - ë¦¬ë§¤ì¹˜(íŠ¸ë¡œíŠ¸ ê°€ìˆ˜ íˆ¬í‘œ íŒ¬ë¤ì•±),Music & Audio
1121,"íŒŒë„ mp3 ë¬´ë£Œ ìŒì•… ë‹¤ìš´, pado mp3 ë…¸ë˜ ë‹¤ìš´",Music & Audio
1122,"deep sleep: sleep sounds, meditation",Music & Audio
1123,kmr - royal music library,Music & Audio
1124,Ã¼nlÃ¼ sesleri,Music & Audio
1125,en gÃ¼zel seÃ§me iÌ‡lahiler iÌ‡nternetsiz ( 60 iÌ‡lahi ),Music & Audio
1126,turkish pop music 75 songs offliÌ‡ne,Music & Audio
1127,chopin best30,Music & Audio
1128,hellenic shipping news,News & Magazines
1129,loker jakarta - lowongan kerja jakarta,News & Magazines
1130,usta giriÅŸimci,News & Magazines
1131,lotterien - global results &  draws,News & Magazines
1132,dna tv telugu,News & Magazines
1133,olymp school,News & Magazines
1134,warta bea cukai,News & Magazines
1135,ÑƒĞ¿Ñ€Ğ°Ğ²Ğ»ĞµĞ½Ğ¸Ğµ Ñ„ÑÑĞ¿ Ğ¿Ğ¾ Ñ€Ğ¾,News & Magazines
1136,harita dergisi (hgm),News & Magazines
1137,texttv,News & Magazines
1138,Ù…Ø¯Ø±Ø³ØªÙŠ,News & Magazines
1139,wallpapers for cooper kupp,Personalization
1140,atv launcher,Personalization
1141,sushi live,Personalization
1142,arah kiblat 100%,Personalization
1143,happy apps and manager,Personalization
1144,wallpapers for fc barcelona,Personalization
1145,sarÄ± kanarya duvar kaÄŸÄ±tlarÄ± hd,Personalization
1146,prishtina,Photography
1147,password manager data vault +,Productivity
1148,temply lite,Productivity
1149,biometric attendance (morpho),Productivity
1150,irismarteye,Productivity
1151,building calculations,Productivity
1152,construction calc pro - free,Productivity
1153,loginet transport market index,Productivity
1154,aurdroid,Productivity
1155,ååˆºä½œæˆã€€ãƒ†ã‚¹ãƒˆã‚¢ãƒ—ãƒª,Productivity
1156,agro mobile,Productivity
1157,mboss contractor,Productivity
1158,moneybox - ĞºĞ¾Ğ¿Ğ¸Ğ»ĞºĞ°,Productivity
1159,showmax,Productivity
1160,my budget app,Productivity
1161,jensen dsp amp smart app,Productivity
1162,mes comptes bnp paribas reunion,Productivity
1163,ticket restaurant calculator,Productivity
1164,kros percentÃ¡,Productivity
1165,kros percentÃ¡,Productivity
1166,"calculs de rentabilitÃ© locative - pinel, lmnp ..",Productivity
1167,customer data record,Productivity
1168,du.it - catatan keuangan pribadi,Productivity
1169,notify,Productivity
1170,bpi trade calculator â€“ buy and sell calculator,Productivity
1171,valuation app (real estate),Productivity
1172,stash,Productivity
1173,tu portal sigma,Productivity
1174,calculator - unit converter,Productivity
1175,week number,Productivity
1176,change emojis ğŸ’,Productivity
1177,couvre-feu 2021 - attestation de dÃ©placement,Productivity
1178,czech dictionary (ÄeÅ¡tina),Productivity
1179,binarium,Puzzle
1180,free online shopping australia : all in one app,Shopping
1181,kids shop - online shopping,Shopping
1182,"zalando, asos, kiabi, zara, mango - bon plan",Shopping
1183,which one is the best? - tips for wallapop & letgo,Shopping
1184,fast shop,Shopping
1185,guanabara,Shopping
1186,confieaqui by reclameaqui: compare preÃ§os e fretes,Shopping
1187,batel online (Ğ±Ğ°Ñ‚ÑĞ»ÑŒ),Shopping
1188,simple shopping list,Shopping
1189,greco pizza,Shopping
1190,sobeys weekly flyer,Shopping
1191,aukro,Shopping
1192,smart shopping list - shoppka,Shopping
1193,Ã¥landskortet,Shopping
1194,foodro - online grocery shopping,Shopping
1195,jakcloth,Shopping
1196,lumbung nusa - belanja buah sayur gratis ongkir,Shopping
1197,irancard,Shopping
1198,sportmyket,Shopping
1199,digiabzaar,Shopping
1200,Ø¯Ú©ØªØ± Ù…Ø¬ÛŒÚ© (ÙØ§Ù„ÙˆÙˆØ± Ù„Ø§ÛŒÚ© ÙˆÛŒÙˆ Ø§ÛŒÙ†Ø³ØªØ§Ú¯Ø±Ø§Ù… Ùˆ ØªÙ„Ú¯Ø±Ø§Ù…),Shopping
1201,netmaal|ÙØ±ÙˆØ´Ú¯Ø§Ù‡ Ø§ÛŒÙ†ØªØ±Ù†ØªÛŒ Ù†Øª Ù…Ø§Ù„,Shopping
1202,myfandogh Ø¹Ø±ÙˆØ³ Ù‡Ù„Ù†Ø¯ÛŒ,Shopping
1203,bizaff,Shopping
1204,Ø§ÛŒØ±Ø§Ù† Ù‚Ø³Ø· - ÙØ±ÙˆØ´ Ø§Ù‚Ø³Ø§Ø·ÛŒ Ú©Ø§Ù„Ø§,Shopping
1205,piccotoys,Shopping
1206,mister coupon - offerte e codici sconto,Shopping
1207,my despar,Shopping
1208,bennet,Shopping
1209,é›»å­ãƒãƒãƒ¼ã€Œnanacoã€,Shopping
1210,suruga-ya.com,Shopping
1211,flipzone foods,Shopping
1212,lifeclub,Shopping
1213,m.neko,Shopping
1214,bigstar.pl,Shopping
1215,frac promocje i oferty,Shopping
1216,buyon :: an online supermarket,Shopping
1217,promoÃ§Ã£o do mercado,Shopping
1218,publicaciones el corte inglÃ©s,Shopping
1219,shop for ck,Shopping
1220,billa bazar,Shopping
1221,Ø¯Ø±Ø¹Ù‡,Shopping
1222,Ù…ØªØ¬Ø± Ù„Ø§ÙÙ†Ø¯Ø±,Shopping
1223,tawakkal fabrics,Shopping
1224,nova water,Shopping
1225,lebscom,Shopping
1226,Ù‡Ø§Ø¨ÙŠ Ù‡ÙˆÙ…,Shopping
1227,lulu market promotions,Shopping
1228,mybonus,Shopping
1229,aligro actions aktuelles prospectus,Shopping
1230,a101 bim ÅŸok katalog,Shopping
1231,aktÃ¼el Ã¼rÃ¼nler kataloÄŸu-market iÌ‡ndirim broÅŸÃ¼rleri,Shopping
1232,bim a101 ÅŸok aktÃ¼el Ã¼rÃ¼nler,Shopping
1233,sÃ¼tiÅŸ Ã§iftliÄŸi,Shopping
1234,smartshop,Shopping
1235,blablavouchers.com - voucher codes and deals,Shopping
1236,allthings5pounds,Shopping
1237,prestige flowers,Shopping
1238,shop free ship - online shopping & free shipping,Shopping
1239,big lots ! deals on everything,Shopping
1240,dollar tree : shop online,Shopping
1241,guide for cafe bazaar - Ø±Ø§Ù‡Ù†Ù…Ø§ÛŒ Ú©Ø§ÙÙ‡ Ø¨Ø§Ø²Ø§Ø± 2021,Shopping
1242,salefinder australia,Shopping
1243,"à¸„à¸™à¸¥à¸°à¸„à¸£à¸¶à¹ˆà¸‡ à¸£à¸±à¸à¹à¸ˆà¸à¹€à¸‡à¸´à¸™ 3,000 à¸§à¸´à¸˜à¸µà¸£à¸±à¸šà¸ªà¸´à¸—à¸˜à¸´à¹Œ",Shopping
1244,sella store,Shopping
1245,sadad pay -Ø³Ø¯Ø§Ø¯,Shopping
1246,saib direct,Shopping
1247,garanti,Shopping
1248,price cruncher - price compare,Shopping
1249,water boyz - water delivery,Shopping
1250,sushi fish,Shopping
1251,domino's pizza belarus,Shopping
1252,amil dental + planos odontolÃ³gicos diversos,Shopping
1253,holiday rewards,Shopping
1254,insta house mod,Simulation
1255,infinity for reddit,Social
1256,lokkal (beta),Social
1257,my barrio app,Social
1258,status keeper,Social
1259,tikfans - get tiktok followers & tiktok likes,Social
1260,abu dhabi sports,Social
1261,msent - send mail to inmates,Social
1262,tnstc madurai,Social
1263,nookazon,Social
1264,mym.fans app mobile tips,Social
1265,gb wasahp pro 2021,Social
1266,pis fÃ¡cil - pis e fgts 2019/2020/2021,Social
1267,poupanÃ§a social digital,Social
1268,ur my type,Social
1269,trustgear - trustpilot reviews,Social
1270,findtoilet,Social
1271,sharechat lite,Social
1272,Ø¯ÙˆØ³ØªÛŒØ§Ø¨ÛŒ Ù‡Ø³ØªÛŒ Ø› Ú†Øª Ø› Ø´Ø¨Ú©Ù‡ Ø§Ø¬ØªÙ…Ø§Ø¹ÛŒ Ø› Ú¯Ù¾,Social
1273,Ø§ÛŒÙ†Ø³ØªØ§ ØªÙ¾ Ù¾Ù„Ø§Ø³ ÙØ§Ù„Ùˆ Ù„Ø§ÛŒÚ© Ø¨Ø§Ø²Ø¯ÛŒØ¯,Social
1274,hollywood movie stickers,Social
1275,gbwsapp pro v9 2020,Social
1276,ÙˆØªØ³ Ø¹Ù…Ø± Ø§Ø¨ Ø¨Ù„Ø³ Ø§Ù„Ø¹Ù†Ø§Ø¨ÙŠ Ø§Ù„Ø§Ø²Ø±Ù‚,Social
1277,"happy birthday, card, gif, video (2m+ installs)",Social
1278,mytopfans for twitter,Social
1279,the only influencer guide for getting fans,Social
1280,mijn spotta (voor bezorgers),Social
1281,tiklikes - get tiktok followers & tiktok likes,Social
1282,wykop mobilny: nieoficjalna aplikacja dla wykop.pl,Social
1283,quick opinion rewards,Social
1284,vkm - music vkontakte,Social
1285,mooz - Ğ¼ÑƒĞ·Ñ‹ĞºĞ° Ğ´Ğ»Ñ Ğ²ĞºĞ¾Ğ½Ñ‚Ğ°ĞºÑ‚Ğµ,Social
1286,Ù…Ù„ØµÙ‚Ø§Øª Ù…Ø¶Ø­ÙƒØ© 2020 wastickerapps,Social
1287,guess quadrant usernames,Social
1288,ì‹ ë°”ëŒ ë¹Œë¦¬ì§€ì•±,Social
1289,instram followers and likes poom star,Social
1290,ref. kirche oberdiessbach,Social
1291,postegro - any profile viewer,Social
1292,"gotok - real followers, fans & likes for tiktokers",Social
1293,cellat36,Social
1294,teamfluencer - sosyal medyada para kazan,Social
1295,cartÃ£o cidadÃ£o,Social
1296,senam mengecilkan perut,Sports
1297,sportfix,Sports
1298,supersport united fc,Sports
1299,Å¡port.sk,Sports
1300,osg cricket exchange,Sports
1301,bare knuckle tv,Sports
1302,six nations rugby 2021,Sports
1303,duckworth-lewis calculator,Sports
1304,just horse racing - australia,Sports
1305,live football tv hd soccer streaming 2021,Sports
1306,strelok. ballistic calculator,Sports
1307,ski jumping 2020-2021 live,Sports
1308,full max tv - futebol ao vivo e agenda esportiva,Sports
1309,sa esportes,Sports
1310,app-tv aovivo online - futebol,Sports
1311,sa esportes,Sports
1312,sorteia time,Sports
1313,cartomante fc,Sports
1314,football news - soccer news & scores,Sports
1315,the tournaments manager,Sports
1316,libertadores live,Sports
1317,simulador brasileirÃ£o 2020,Sports
1318,zbrojnÃ­ prÅ¯kaz - testy,Sports
1319,ÑÑ‚Ğ°Ğ²ĞºĞ¸ - ÑĞ¿Ğ¾Ñ€Ñ‚ ÑĞ¾Ğ±Ñ‹Ñ‚Ğ¸Ñ,Sports
1320,sports predictions,Sports
1321,ÄeskÃ½ volejbal,Sports
1322,racing calendar 2021 (no ads),Sports
1323,run 10-20-30,Sports
1324,handball 3d tactic,Sports
1325,metalligaen - live score,Sports
1326,snooker shootout clock,Sports
1327,madshus empower 2,Sports
1328,optiwax,Sports
1329,optigrip,Sports
1330,visugpx crÃ©ation et suivi de traces gps,Sports
1331,pronowin football predictions and pronostics,Sports
1332,darts counter - your dart scoreboard,Sports
1333,criclive - cricket live line,Sports
1334,sky exchange cricket live line,Sports
1335,cricscore 11,Sports
1336,diamond cricket line,Sports
1337,lotus cricket fast line,Sports
1338,cricinfo- cricket live line,Sports
1339,diamond cricket - live line,Sports
1340,cricgo : cricket live line & fast live score,Sports
1341,cricket score box live line,Sports
1342,diamond line guru | cricket exchange,Sports
1343,club fighting games 2021,Sports
1344,live football world,Sports
1345,tankenmaru smart,Sports
1346,é‡çƒã€€ã‚¹ã‚³ã‚¢ãƒ–ãƒƒã‚¯ç„¡æ–™ã€€å€‹äººå‘ã‘ç‰ˆ,Sports
1347,golf swing form checker,Sports
1348,ç§‹ç”°ãƒãƒ¼ã‚¶ãƒ³ãƒãƒ”ãƒãƒƒãƒ„å…¬å¼ã‚¢ãƒ—ãƒª,Sports
1349,skisporet.no android app,Sports
1350,fantasy football fix for fpl,Sports
1351,league table creator,Sports
1352,weszlofm,Sports
1353,rally computer,Sports
1354,newonce.sport,Sports
1355,22 sport app mobile,Sports
1356,smsgol,Sports
1357,siatkarskaliga,Sports
1358,portuguese soccer live,Sports
1359,bet manager,Sports
1360,bet analysis,Sports
1361,xscore,Sports
1362,bh forecasts for sport,Sports
1363,"Ñ€Ğ°ÑÑ‡ĞµÑ‚ Ğ±Ğ°Ğ»Ğ»Ğ¾Ğ² Ğ¿Ğ¾ Ñ„Ğ¸Ğ·Ğ¾ Ğ´Ğ»Ñ Ğ²Ğ¾ĞµĞ½Ğ½Ğ¾ÑĞ»ÑƒĞ¶Ğ°Ñ‰Ğ¸Ñ…, Ğ½Ñ„Ğ¿",Sports
1364,hfc - Ğ»Ğ¸Ğ³Ğ° ĞºÑƒĞ»Ğ°Ñ‡Ğ½Ñ‹Ñ… Ğ±Ğ¾Ñ‘Ğ²,Sports
1365,Ğ½Ñ„Ğ¿ 2020,Sports
1366,ÑĞ´ Ğ½Ğ¾Ğ²Ğ¸Ğ½ĞºĞ¸,Sports
1367,yallakora,Sports
1368,t10 league cricket,Sports
1369,Ù…ÙƒØªØ¨Ø© Ø§Ù„Ù‡Ù„Ø§Ù„ 2020,Sports
1370,bangladesh vs west indies live cricket,Sports
1371,Ø®Ù„ÙÙŠØ§Øª Ùˆ Ø£ØºØ§Ù†ÙŠ Ø§Ù„Ø£Ù‡Ù„ÙŠ Ø§Ù„Ø³Ø¹ÙˆØ¯ÙŠ 2020,Sports
1372,ÙƒÙˆØ±Ù‡ Ø´Ùˆ ØªØ§ÙŠÙ…,Sports
1373,dora betting tips,Sports
1374,Ù…ÙˆØ§Ø¹ÙŠØ¯ Ø§Ù„Ù…Ø¨Ø§Ø±ÙŠØ§Øª,Sports
1375,na beÅ¾ky!,Sports
1376,flying speed hero crime simulator: superhero games,Sports
1377,ì ìˆ˜íŒ ì¡±êµ¬ íƒêµ¬ ë°°êµ¬ ë°°ë“œë¯¼í„´ ë‹¤ëª©ì  ìŠ¤ì½”ì–´ë³´ë“œ ì ìˆ˜,Sports
1378,spurs wallpaper - hd & 4k,Sports
1379,futbolero play,Sports
1380,sports betting expense manager,Sports
1381,speed gun_smart speed gun for baseball (ssgun),Sports
1382,ë‹¹êµ¬ 3ì¿ ì…˜ ì‹œìŠ¤í…œ2,Sports
1383,fgolfmadrid,Sports
1384,daily sports myanmar,Sports
1385,stake 10 picks âš½ï¸ğŸ€apuestas deportivas pronÃ³sticos,Sports
1386,external ballistics calculator,Sports
1387,langlaufpass,Sports
1388,top sports players for nesine iddaa,Sports
1389,spor ekranÄ±,Sports
1390,pro soccer stats,Sports
1391,iÌ‡ddaa bÃ¼lten bahis oran deÄŸiÅŸimleri,Sports
1392,2 misli bahis tahminleri,Sports
1393,live score : free live football scores,Sports
1394,sure 5+ odds daily free,Sports
1395,betway  official app for betway,Sports
1396,english soccer live,Sports
1397,serie a - serie a live scores football italia,Sports
1398,watch hd live sports tv - live football tv,Sports
1399,livefootball - livescore tv,Sports
1400,âš½ live football predictions - winning bet tips,Sports
1401,pocket ants: colony simulator,Strategy
1402,recargas rapidas,Tools
1403,ozbargain free,Tools
1404,norma ballistics,Tools
1405,schÃ¼tz ticket service,Tools
1406,track & trace,Tools
1407,fischer mortar-fix,Tools
1408,monozon,Tools
1409,dienstplan schichtplan,Tools
1410,codice fiscale,Tools
1411,éƒµä¾¿ç•ªå·ç°¡å˜æ¤œç´¢,Tools
1412,android system webview,Tools
1413,easykey,Tools
1414,Ñ€Ğ¾ÑÑĞµÑ‚Ğ¸ ÑĞ¸Ğ±Ğ¸Ñ€ÑŒ â€“ Ğ¸Ğ½Ñ„Ğ¾Ñ€Ğ¼Ğ°Ñ†Ğ¸Ñ Ğ¾Ğ± Ğ¾Ñ‚ĞºĞ»ÑÑ‡ĞµĞ½Ğ¸ÑÑ…,Tools
1415,"qrì½”ë“œ ì²´í¬ì¸ ë„ìš°ë¯¸ - ì „ìì¶œì…ëª…ë¶€ ìë™ ì˜¤í”ˆ ì•±, qr ì²´í¬ì¸ ì—´ê¸° ê·€ì°®ì„ ë•Œ",Tools
1416,fame boom real followers free & fast for instagram,Tools
1417,ips mobile insight,Tools
1418,games topup,Tools
1419,gift card balance,Tools
1420,gevid - wyszukiwarka filmÃ³w,Tools
1421,coin counter by weight,Tools
1422,easytax - taxes canada,Tools
1423,bitcoin calculator,Tools
1424,kooperativa help,Tools
1425,"nfc mtools for mifare card acr122, pn532, bt, rfid",Tools
1426,hanseatic smart center,Tools
1427,arbeitstage bis zur rente,Tools
1428,percent calculator,Tools
1429,justsplit,Tools
1430,saldoku - emoney balance and transactions,Tools
1431,Ø¨Ø±ÙˆØ²ØªØ±ÛŒÙ† Ù‚ÛŒÙ…Øª Ø§Ø±Ø² Ùˆ Ø³Ú©Ù‡,Tools
1432,household account,Tools
1433,å°å½¹ã‚«ã‚¦ãƒ³ã‚¿ãƒ¼max  ç„¡æ–™ï¼ˆè¨­å®šåˆ¤åˆ¥ï¼å°å½¹è§£æï¼‰,Tools
1434,nomina grupo ats,Tools
1435,free car check uk - check the car,Tools
1436,pockit control,Tools
1437,virtual wallet,Tools
1438,tarkov battle buddy,Tools
1439,cupful - ingredient weight-volume converter,Tools
1440,aseguradora ancon 2.0,Tools
1441,mobile crane sizer,Tools
1442,app savia,Tools
1443,t2s: text to voice - read aloud,Tools
1444,power sharing,Tools
1445,netcare,Tools
1446,sta: statistical toolbox,Tools
1447,sublime text editor,Tools
1448,canon print service,Tools
1449,screen mirroring - cast to smart tv,Tools
1450,video browser-powerful web video download browser,Tools
1451,auto connect bluetooth devices,Tools
1452,"free video calls, chat, text and messenger",Tools
1453,smart cleaner pro,Tools
1454,grisu nÃ¶ (feuerwehr - wastl),Tools
1455,print pdf files with pdf printer app,Tools
1456,smart remote control for samsung tvs,Tools
1457,regeddit mobile - ff,Tools
1458,sensi hacker,Tools
1459,sensi hype,Tools
1460,apk installer,Tools
1461,sensi macro,Tools
1462,sensi pro,Tools
1463,lesser audioswitch,Tools
1464,likeyboard,Tools
1465,wifi analyzer (open-source),Tools
1466,danfoss ecoâ„¢,Tools
1467,ticket sans contact,Tools
1468,samsung calculator,Tools
1469,citizen calculator,Tools
1470,free vpn master - unlimited ultra fast wifi proxy,Tools
1471,downloader tiktok no watermark - dotik,Tools
1472,4g lte switcher ( no ads ),Tools
1473,recent notification,Tools
1474,designer tools,Tools
1475,unicode pad,Tools
1476,simontok browser vpn anti block free - fast & safe,Tools
1477,"fast vpn secure: fast, free & unlimited proxy",Tools
1478,ultrasurf (beta) - unlimited free vpn proxy,Tools
1479,dnschanger for ipv4/ipv6 - open source and ad-free,Tools
1480,fast and free vpn : ÙÛŒÙ„ØªØ± Ø´Ú©Ù† Ù¾Ø±Ø³Ø±Ø¹Øª Ù‚ÙˆÛŒ : ox vpn,Tools
1481,tools - #1 app per credito & offerte,Tools
1482,seven-eleven multicopy,Tools
1483,restore image (super easy),Tools
1484,ãŠãˆã‹ã,Tools
1485,touch screen test,Tools
1486,ha tunnel plus - 100% free vpn tunnel,Tools
1487,"bubble level, spirit level",Tools
1488,crewmate server switcher,Tools
1489,activity launcher,Tools
1490,mobile network settings,Tools
1491,my apps time - app usage manager & phone time,Tools
1492,my icons-personalized icon modifier,Tools
1493,iptime ì„¤ì¹˜ë„ìš°ë¯¸,Tools
1494,seio agent,Tools
1495,iptime mobile manager,Tools
1496,among clues (for among us),Tools
1497,iptime ext,Tools
1498,dex max - tweak for samsung dex,Tools
1499,arÃ§elik akÄ±llÄ± kumanda,Tools
1500,beko tv remote,Tools
1501,sky q remote,Tools
1502,rca signal finder,Tools
1503,mr. green,Tools
1504,speedometer for wear os (android wear),Tools
1505,ez-placard - free placard calculator,Tools
1506,appwererabbit,Tools
1507,dac fix for lg v10,Tools
1508,wi-pwn,Tools
1509,threadwatch,Tools
1510,detran.ba mobile,Tools
1511,emi calculator,Tools
1512,"ì›í„°ì¹˜ ìë™ ìê°€ì§„ë‹¨ - êµìœ¡ë¶€, ë‚˜ì´ìŠ¤ í•™ìƒ ìë™ ìê°€ì§„ë‹¨",Tools
1513,musee d'orsay,Travel & Local
1514,zu peshawar,Travel & Local
1515,tls for italy,Travel & Local
1516,lvm geo â€“ kartes darbam un atpÅ«tai,Travel & Local
1517,kabu,Travel & Local
1518,store locator,Travel & Local
1519,blablataxi: carpooling,Travel & Local
1520,grid reference,Travel & Local
1521,Ø²ÙŠØ§Ø±Ø© Ø§Ù„Ø­Ø±Ù…,Travel & Local
1522,regpark,Travel & Local
1523,the north face vr - perÃº,Travel & Local
1524,gps status - notification proxy plugin,Travel & Local
1525,spider tank robot car game â€“ elephant robot game,Travel & Local
1526,511 manitoba,Travel & Local
1527,tripbudget,Travel & Local
1528,ilogistics go,Travel & Local
1529,ramp car robot transform horse robot games 2021,Travel & Local
1530,star taxi liberec,Travel & Local
1531,vÃ½lety a zÃ¡bava s dÄ›tmi,Travel & Local
1532,turistickÃ½ denÃ­k,Travel & Local
1533,real vegas crime simulator: free open world games,Travel & Local
1534,sos assist,Travel & Local
1535,holiday in denmark,Travel & Local
1536,gouda,Travel & Local
1537,sj feriehusudlejning,Travel & Local
1538,travel card reader free,Travel & Local
1539,vaeltajakartta,Travel & Local
1540,my esf,Travel & Local
1541,gÃ®tes et chambres d'hÃ´tes,Travel & Local
1542,goamilesptk,Travel & Local
1543,rental24h.com - car rental near me app,Travel & Local
1544,Ø¨Ù„ÛŒØ· Ø³Ù†ØªØ± | Ø¨Ù„ÛŒØ· Ù‡ÙˆØ§Ù¾ÛŒÙ…Ø§,Travel & Local
1545,travel advantageâ„¢,Travel & Local
1546,å¯Œå£«æ€¥ãƒã‚¤ãƒ©ãƒ³ãƒ‰å¾…ã¡æ™‚é–“,Travel & Local
1547,é€è¿ä»˜ãå¤§æ±Ÿæˆ¸æ¸©æ³‰ç‰©èªå…¥æµ´ãƒ—ãƒ©ãƒ³ã®äºˆç´„,Travel & Local
1548,convenientworldmap3d,Travel & Local
1549,japan radio map - japan community radio broadcasts,Travel & Local
1550,gps logger,Travel & Local
1551,mapping - ultimate gps logger,Travel & Local
1552,wandelen in overijssel,Travel & Local
1553,kolumbus reise,Travel & Local
1554,norway lights,Travel & Local
1555,mazemap,Travel & Local
1556,fjelltoppjakten,Travel & Local
1557,move about,Travel & Local
1558,hertz carsharing norway,Travel & Local
1559,pks lubin,Travel & Local
1560,trails tatra mountains,Travel & Local
1561,custom maps,Travel & Local
1562,my prayer,Travel & Local
1563,pak rail live - tracking app of pakistan railways,Travel & Local
1564,tatry virtualne,Travel & Local
1565,freemap.sk addon for locus,Travel & Local
1566,mhd preÅ¡ov,Travel & Local
1567,í•œë‹¬ì‚´ê¸° - ë¦¬ë¸Œì• ë‹ˆì›¨ì–´,Travel & Local
1568,ì„œìš¸ë‘˜ë ˆê¸¸,Travel & Local
1569,ìƒˆì£¼ì†Œ ë„ë¡œëª… ì°¾ê¸°,Travel & Local
1570,paymaster virtual,Travel & Local
1571,emticket,Travel & Local
1572,"taxiclick easy - il taxi facile, veloce e green",Travel & Local
1573,passandroid passbook viewer,Travel & Local
1574,ladda bilen,Travel & Local
1575,switzerlandmobility,Travel & Local
1576,skepark,Travel & Local
1577,win free fire diamonds playing quiz 2020,Trivia
1578,free gems bs quiz,Trivia
1579,ride weather : bicycle weather,Weather
1580,wetterring,Weather
1581,info neige,Weather
1582,hot car stunt games mega ramp stunt car games 2020,Weather
1583,pro wrestling game: gym fighting game 2020,Weather
1584,wild dino hunting adventure: animal shooting games,Weather
1585,centigrade and fahrenheit convertor ( Â°c & Â°f ),Weather
